,0
0,윤석열 국민을 가재 게 붕어로 아나 민주당 쫓아내는게 정치개혁 
1,누구 말이 맞나 이 결렬 통보 국민경선 비논의 도의 아냐 
2,주먹 불끈 쥔 윤석열 대선후보
3, 출신 호남 공들이는 지역주의 허물 상징 숫자 나올까
4,대구 찾은 이재명 통합 정치 이루겠다 
5,기자회견 참석하는 윤석열
6,윤석열 정부가 선거 당일에 코로나로 투표 못하게 막을 수 있다 영상 
7, 후보 직속 남부수도권 구상 실현위원회 출범
8,윤석열 대선후보 다시 어퍼컷 
9,강아지도 번 
10,창원 유세하는 이재명
11,이재명 정치보복을 공언 몰래 해야지 이준석 누굴 이낙연 혹 나 
12,윤석열 강렬한 쇼맨십
13,윤호중 정치개혁안 당론 채택 모든 분과 국민통합 빅텐트 마련 
14,권성동 의원과 대화하는 윤석열 후보
15,검사체계 전환에도 현장 과부하 양성키트 팔아요 
16, 여론 후보 도덕성 자질 심각 차기 최우선 과제 경제 
17,윤석열 강릉 유세 어퍼컷 세리머니
18, 방역패스 일시 중단 환영 완전 철폐 앞장서겠다 
19,구미 찾아 지지 호소하는 이재명 대선후보
20, 오후 시 당사서 기자회견 투표용지 인쇄 전 단일화 무산 가능성 상보 
21,경주 찾아 꽃다발 받는 이재명 대선후보
22,창원 상남분수광장 파란 물결 
23,이재명 후보님 사랑해요 힘내세요 
24,안철수 후보 지지자들과 악수 
25,이재명 후보 파주 유세
26,심상정 후보 차별 없는 나라 만들겠습니다 
27, 현장 윤석열 우크라이나 모욕 준 이재명 이런 사람이 외교안보 제대로 하겠나 
28,국민의당 단일화 결별 이면에 민주당과 밀약 음모론 
29,포항 찾아 지지 호소하는 이재명
30,윤석열 대리인은 장제원 안철수 대리인은 이태규 왜 
31, 의 극과극 우크라 사태 진단 유권자들은 지켜보고 있다 데이터로 본 정치민심 
32, 대선민심 대구 나의 대통령 아직 못 정해 중도 무당층 표심 안갯속 
33,국방위 전체회의 출석하는 서욱 국방부장관
34,기자회견 위해 입장하는 윤석열 대선 후보
35,윤석열 후보 포항에서 다시 시작 
36, 대장동 이익 본건 이완용이 안중근 비난하는 꼴 
37,더불어민주당 의원총회
38,후보 없는 유세장 윤석열 후보 단일화 협상 급물살 타나 
39,윤석열 이재명 오차범위 접전 리얼미터 
40,울산 시민들과 인사 나누는 이재명
41,이재명 후보 파주서 드라이브 인 유세
42,동심 담긴 그림편지 받은 윤석열
43,부산 찾은 심상정
44, 포토 당사 들어서는 윤석열 국민의힘 대선후보
45,주말 잊고 달리는 이재명
46,속초 유세 나서는 윤석열 후보
47,인사 나누는 송영길 이준석
48, 속보 윤석열 유세 일정 취소 안철수와 단일화 담판 시도할 듯
49,검단 신도시 거주자들과 간담회 갖는 윤석열
50,유세장 밖으로 끌려 나가는 여학생
51,구미 시민들에게 손들어 인사하는 이재명 대선후보
52,이재명 우크라가 러시아 자극 지적에 표현력 부족했다 
53, 평화 안보 고리로 경기북부 훑은 이재명 에 친일 공세
54,강릉중앙시장 유세하는 심상정
55,윤석열 국민 이기는 대통령 되지 않을 것 
56, 포토 윤석열 후보는 어디에 
57,송영길 이번엔 번 
58, 포토 당사 나서는 윤석열
59,선의로 내민 손 잘려 이태규 국힘 단일화 일지 공개 비판
60,우상호 윤석열 단일화 포기 선언 안철수에 책임 전가한 것 
61, 대통령 어떤 위협도 막아낼 우월한 방어력 최첨단 군 진화 
62,심상정 이어령 영원한 지성인 하늘서 영원한 평안 누리길 
63,윤석열 후보 강원 유세 
64,안철수 단일화 들은 바 없다 국힘 항의 전화 문자만 만통 
65,조수진 선관위 선거 현수막 판단 그때그때 달라 
66, 차 시한 넘긴 단일화 벼랑 끝 루비콘강 건너나
67,고양시 공약 들어 보이는 이재명 대선후보
68,질문에 답하는 김병욱 의원
69,윤석열 동해 유세장 찾은 지지자들
70,이재명 대선후보 포항 유세현장
71,고창 전통시장 찾은 안철수
72, 포토 성일종 국민의힘 간사와 인사 나누는 서욱 국방부 장관
73,안철수 대선후보 전남 유세
74,윤석열 후보 단일화 결렬 통보 화답 기다리겠다 
75, 포토 윤석열 전날 단일화 합의했지만 오늘 오전 시 결렬 통보받아 
76,김미경 완주합니다 반드시 에 둘다 마라톤 풀코스 번완주 
77, 단일화 일지 제목 정리해서 못만나면 깐다 덮어쓰기 해프닝 
78, 노동자의 도시 울산 거리에 선 이재명
79,포항 죽도시장 방문한 윤석열 후보
80, 속보 윤석열 오늘 오후 시 기자회견 단일화 관련 입장 표명
81,윤석열 후보 단일화 결렬 
82, 오차범위내 초접전
83,전기자전거 타고 유세장으로 향하는 이재명 대선후보
84,이태규 선대본부장 긴급 기자간담회
85, 포토 취재진 질문에 눈 감은 윤석열
86, 포토 정영학 남욱 녹취록 발언 내용 공개하는 김은혜 국민의힘 공보단장
87,이재명 소수정당도 국민 지지만큼 의석갖게 제 평생 신념 
88,이재명 자전거 유세차 타고 주먹인사
89,윤석열 측 안철수 존중 충분히 예우갖춰 설명드린 것 
90, 측 측 신뢰 문제 컸다 일방적 까발리기 보니 결렬 잘한 결정 
91,유세 재개 박정희가 키운 포항 윤석열이 재도약 시키겠다 
92,창원서 노마스크 연설하는 이재명
93, 사전투표 잊지 마세요 
94, 유세 취소한 윤석열 오후 시 기자회견
95,송영길 정치개혁 통합 정부 충정 윤호중 실제 입법 제도화 
96,권영세 단일화 위해 모든 노력 중 대선 전날까지도 가능 
97, 윤핵관 장제원에 단일화 협상 전권 부여 쟁점화에 논란 조짐
98,이재명 창원 상남분수광장 거리유세
99,안철수 후보 유세는 계속 
100, 년 전엔 지구 한 바퀴 집토끼 우선 산토끼 먼저 
101,의원총회 개최한 더물어민주당
102,사람이 물으면 기계로 하면 수줍음 과 솔직함 의 변주곡
103, 토론 이재명 우크라 먼 나라 발언 지적에 거짓말 자주 해 
104,이재명 후보 파주 유세
105, 단일화 결렬 여진 계속 책임돌리기 신경전 이유는
106,지지자들에게 인사하는 안철수
107,윤석열 성인지 예산 조원으로 북핵 막겠다 가짜뉴스인데 
108,윤석열 이재명 오차범위 접전 리얼미터 
109,이재명 표심 호소
110,유세장 밖으로 끌려 나가는 여학생
111, 헤럴드 나를위해 사전투표 
112,이재명 시대의 지성 이어령 초대 문화부 장관 빈소 조문
113, 단일화 결렬 대선 책임론에 권한 많은 사람이 책임 커 직격
114,자전거 타고 유세하는 이재명 대선후보
115,윤석열 후보 어린이 손 잡고 
116,순천 유세 이어가는 안철수 대선후보
117, 속보 단일화 위해 찾아가려 했지만 요청 와 시도 안 해 
118, 오차범위내 초접전
119,이재명 우크라 발언 의식 러시아 행위 용납해선 안돼 
120,대구지역 이재명이 약속합니다
121,강원 유세 연설하는 윤석열
122, 완주 안철수 지지표 에 뭉칠까 으로 흩어질까
123, 포토 윤석열 언제든 차를 돌려 안철수 직접 찾아뵙고 흉금 터놓고 싶다 
124, 포토 취재진 질문에 눈 감은 윤석열
125, 단일화 타결 직전 으로부터 결렬 통보 희망의 끈 놓치 않겠다 상보 
126,꽃다발 받는 윤석열
127,국방위 전체회의 출석한 서욱 정석환
128,포항 죽도시장 찾아 지지 호소하는 윤석열 후보
129,역대 최대 유권자 넘쳐나는 부동층 막판까지 대혼전
130,구미에서 지지호소하는 이재명 대선후보
131,윤석열 깃털같은 과거 공격하는 사람들 조국 문제엔 서초동 시위 
132, 윤석열 위험한 안보관 질타한 것 우크라 책임론 발언 해명
133,김포에서 지지자에게 인사하는 이재명 대선후보
134,강릉 간 윤석열 대선 열흘 남기고 무슨 정치개혁 교체가 정치개혁 
135,이재명 부산 유세 구름인파 
136,열흘 남기고 또 나온 동률 적극투표층도 박빙
137,윤석열 포항 죽도시장 방문
138,지옥철 제가 해결하겠다 이재명 김포 찾아 지지호소
139,이재명 대선후보 경주에서 두 팔 번쩍 
140,윤석열 경북 강원 박 일 거점유세
141,포항에서 외치는 윤석열
142, 배우자 리스크 안철수 부부의 표심 호소
143,누가 당선돼도 유보 통합 교사 이해관계 중재가 관건
144, 단일화 무산 향해 권한 크기와 책임 크기 비례 
145,구미 간 이재명 나는 강력한 추진력 박정희 닮았다 
146,윤석열 오늘 유세 전격 취소
147,이재명 황리단길에서 자전거 유세차 시승
148,야권 단일화 관련 기자회견 마친 윤석열 대선 후보
149,윤석열 포항 성원 잊지 않겠습니다 
150, 정치보복은 나중에 몰래 이준석 어디다가 보복 혹은 이낙연 
151,심상정 유사시 들어올 수 있어 발언 경악스러워 
152, 포토 발언하는 원희룡 국민의힘 정책본부장
153,윤여준 직접 협상 과정 공개 앞으로 협상 않겠다는 얘기 
154, 한류 콘텐츠 무단 침해 건수 년 새 배 늘어났다
155,윤석열 이재명 정권교체 정권유지 
156, 뉴스초점 차 법정 토론 정치개혁 안보관 격돌
157, 영상 단일화 결렬 네 탓 공방 측 합의 깨 측 합의 없었다 
158,민주당 정치개혁 국민통합정부 당론 추인 
159, 에 책임 돌린 권한 많은쪽 책임 민주당 밀약설 엔 허위사실 
160, 정치개혁안 에 전부 사기꾼 맹공 펼친 국민의힘 단일화 투표 전날까지 노력 
161,윤석열 포항 죽도시장 유세
162,윤석열 유세 현장 후보 단상만 덩그라니 
163, 속보 윤석열 지금이라도 안철수 시간 장소 정하면 찾아가겠다 
164, 정치보복 냄새나는 말 그만 국민이 가만 두겠나 
165, 팩트체크 윤석열 부산저축은행 수사 때 일반대출은 기소 안 했다 
166,고창 전통시장서 지지 호소하는 안철수 후보
167,국내 우크라인 천여 명에 인도적 특별체류 허가
168, 속보 권영세 단일화 협상 내용은 공개 못해 투표 전날까지 단일화 노력 
169,부산 표심 호소하는 이재명
170, 현장의재구성 유세장 달구는 후보들의 퍼포먼스 나도 한다
171,답변하는 포항시장
172,이재명 이어령 빈소 조문 윤석열 문화계 거인 추모
173, 한미 주역 김현종 바이든 누가 상대할 수 있나 이재명 지지
174,포항에서 지지호소하는 윤석열 후보
175, 속보 윤석열 오늘 아침 시 단일화 결렬 최종 통보받아 
176,민주당 겨냥 다당제 정치개혁 찬성하는 세력 모두 함께 하자 
177,윤석열 강릉 민심 터치
178,울산 시민들과 인사 나누는 이재명
179, 속보 언제든지 후보와 흉금 터놓고 이야기 나누고 싶다 
180, 서 통합 외친 이재명 정치개혁 앞세워 외연확장 시도 종합 
181, 포토 취재진 질문에 눈 감은 윤석열
182,고창 전통시장 찾은 안철수
183,윤석열 내가 강릉의 손자 
184,이재명 재정상 부담 기본소득 조금 미루겠다 
185,포항에서 어퍼컷 세리머니하는 윤석열 후보
186,심상정 권력 한푼도 사익에 써선 안돼 대구서 동시 공격
187,윤석열 민주당 내 합리적인 분들 이재명 세력에 기를 못 펴 갈라치기
188,강릉 월화거리광장에 모인 유권자들
189,이재명 부산을 위해 나를 위해 
190,윤석열 강릉 표심 공략
191, 대선 말말말 빌릴 머리라도 있어야 정권교체 물타기 
192,검단 신도시 거주자들과 간담회 갖는 윤석열
193, 희망의 끈 안놔 이미 시한 종료 
194,현안보고하는 서욱 국방부장관
195, 쿡 에 등장한 이재명 노무현 문재인과 저 이재명 다르지 않다 
196,발언하는 윤호중 공동선대위원장
197, 오늘도 달리는 이재명 
198,윤석열 정치쇼 이재명 민주당 정권교체 여론을 정치개혁으로 물타기 
199,합장하는 이재명 대선후보
200,원우명부에 기재된 김건희 씨의 도이치모터스 이사 경력
201,강원 유세 나선 윤석열
202,국힘 소속 울산 광역 기초의원 군산조선소 재가동 철회하라 
203,취재진 질문에 답하는 윤석열 후보
204,경주에서 지지호소하는 이재명 대선후보
205, 포토 국민의힘 선거대책본부 전체회의 주재하는 권영세 선거대책본부장
206,윤석열 어머니 고향에 왔습니다 
207, 찾은 이재명 통합의 정치로 평화대통령 경제대통령 되겠다 
208,권영세 단일화 어려워진 것 인정 노력해서 받아들여질지 의문 
209,단일화 결렬 관련 긴급기자회견하는 국민의당
210, 미사일 발사 규탄 한반도 동북아에 긴장 조성 
211,윤석열 사전투표 해달라 부정선거 감시 잘 하겠다 
212,포항에서 지지호소하는 이재명 대선후보
213,경주 찾아 유세 나선 이재명 후보
214, 측 협상일지 제목 정리해서 못만나면 깐다 년 전 문서라서 
215, 단일화 무산 겨냥 권한 크기와 책임 크기 비례 
216,윤석열 방역지원금 만원으론 불충분 최대 천만원 지원 
217,민주당 의원총회장에 등장한 김건희 씨 년 서울대 수첩
218,이재명 위기에 강한 경제대통령
219,이재명 대선후보 포항 유세
220,정치분야 토론 권력구조 개편 안보관 격돌
221, 포토 공개된 대장동 배수구 문건
222, 유관순에게 미안하지 않나 민주당 정계서 쫓아내자 
223, 오늘의 주요일정 정치 월 일 일요일 
224, 측 단일화 일지 공개에 반발 수사기관 허위조서 보는 느낌 
225,권영세 이 만나자면 차 돌려 가겠다는 것은 진심 
226, 이재명 윤석열 접전 진영 결집 불붙었다 종합 
227,홍남기 부총리 만난 이광재 외통위원장
228,민주당은 쾌재 윤석열 사실상 단일화 포기 선언 
229,어린이와 기념촬영하는 이재명 대선후보
230, 최대 승부처 수도권서 민주당 년간 완벽하게 실패 종합 
231,이태규 국힘 안철수에 이중플레이 이미지 씌워 
232,성소수자부모모임 회원들과 기념촬영하는 심상정 후보
233,이재명 대선후보 포항 민심 향해 
234,정의 여영국 대표에 임명장 보내 사리분별 똑바로 하라 종합 
235,국방위 전체회의 탄도미사일 우크라 현안 질의 
236, 주말 한밤 의총서 정치개혁안 추인 에 러브콜
237, 대선 선관위도 비상 일부터 여론조사 블랙아웃 일 사전투표
238, 남부수도권 실현위원회 출범 직접 위원장 맡는다
239,이재명 동대구역 광장 집중유세
240,윤석열 대선후보 지지 호소 
241,윤석열 단일화 결렬 통보 받아 지금이라도 안철수 만나 얘기하고 싶다 
242,거북선 모형 선물 받은 이재명 대선후보
243,방명록 작성하는 심상정 후보
244,흑두루마기와 태극기 선물받는 이재명
245,안철수 연금개혁 선언 이어 정치보복 금지 선언하자 
246,이준석 경쟁력 충분 단일화해도 지지율 격차 큰 변화 없어 
247,자료 살펴보는 윤호중 원내대표와 이용우 의원
248,윤석열 원전 발언 직격 잘못된 판단으로 허송세월 
249,주말 유세 나선 윤석열 민주당 좌파 운동권 세력 
250, 국민이 키운 윤석열 내일을 바꾸는 대통령 
251, 단일화 법인카드 소고기 탄핵세력 누가 부활시켰나
252,소상공인 자영업자 신용대사면 긴급금융구제 지원공약 발표
253,서욱 국방장관 국방위 전체회의 현안 보고
254,국민을 위해 했다 그리고 한다 이재명 번째 광고
255,강릉 유세 마친 윤석열 어퍼컷 세리머니
256,국민을 위해 했다 그리고 한다 이재명 번째 광고
257,윤석열 후보 연설에 환호하는 포항 시민들
258,창원 찾은 이재명 후보
259, 일본군 한반도 진주 취지 충격적 국힘 허위 억지 
260,경주 황리단길서 유세 나선 이재명 후보
261, 자영업자가 가장 바라는 것은 시간 영업 백신패스도 폐기 
262,민주당 선대위 사전투표 독려 퍼포먼스 
263,이준석 공격 위해 외교결례한 사람 연일 이재명 때리기
264,창원 유세하는 이재명
265,국민을 위해 했다 그리고 한다 이재명 번째 광고
266, 이재명은 합니다 남부수도권 시대 
267,이재명 자전거 타고 친환경 선거운동 
268, 윤석열 단일화 포기 선언 에 책임 덮어씌워 
269,일산 찾아 지지 호소하는 이재명 대선후보
270,민주 유사시 개입 발언에 경악스러운 망언 맹폭
271,나란히 연단 오른 윤석열 이준석
272,이재명 후보 이어령 초대 문화부 장관 빈소 조문
273, 측 단일화 결렬 책임 공방
274, 오늘아침 측 전해온 내용 고려할 가치 없다고 결론 내려 종합 
275,이재명 대선후보 청년들 손 잡고 
276, 포토 국방위에서 현안보고하는 서욱 국방부 장관
277,안철수 서울 집중 유세 광장시장 강남역 찾는다
278,유세 지켜보는 시민들
279, 대선 사라진 대선공약 가계부 국민 검증 기회마저 박탈
280,포항 찾은 이재명 빌릴 머리라도 있어야 직격 
281, 영상 진실게임 된 단일화 안철수 여론조사 협상테이블에 올렸다 
282,이재명 시대의 지성 이어령 초대 문화부 장관 빈소 조문
283, 영상 윤석열 유세현장서 또 여성 목 조르고 질질 끌었다
284, 취업용 건강진단결과서 무료화 규제 샌드박스 활성화 지원 
285,원희룡 이재명 한마디로 입벌구 맹비난
286,다음주가 대선인데 와 충돌 불사하는 대통령 무슨 이유
287,단일화 협상 관련 기자회견 위해 회견장 들어서는 윤석열 후보
288, 비난 의식했나 유세 도중 러시아 행위 용납해선 안 돼 
289, 단일화 무산 향해 권한 크기와 책임 크기 비례 
290,지지자 손 잡는 이준석 대표
291,이재명 자전거 타고 친환경 선거운동 
292, 전술핵 배치 한번도 주장 안해 지난해 월 공약 팩트체크 
293,이재명 따르릉 따르릉 
294, 토론 위성정당 격돌 민주당 정의당 뒤통수치고 배신 국힘이 시작 
295,파주 찾아 지지 호소하는 이재명
296, 김건희 작전주 의혹 사와 공동주관 전시 의혹 국힘 생떼탕 시즌 종합 
297,윤석열 후보 정권교체 
298,이재명 대선후보 포항 시민 향한 연설 
299,윤석열 후보는 어디에 
300,심상정 변희수 하사 추모 국방장관이 와서 무릎 꿇어야 
301,이재명 대선후보 포항에서 엄지 척 
302, 민주당 정권 대러 제재 동참 안해 수출 통제 받는 신세 
303, 중앙지검 재직 시 장모 최씨 신안저축 서 억 대출 
304,꽃다발 받은 윤석열
305, 국민의힘 선거 전략은 
306,이재명 통합정부 윤석열 정치쇼 안보서도 안방장비 유약 충돌 차 토론 
307,심상정 후보 성인지 예산으로 북핵 막자 는 에 또 하나의 망언 사과하라 
308,국회 국방위 전체회의 탄도미사일 현안 질의 
309, 공약 좀 들어봅시다 
310,안철수 후보 부부동반 선거유세 
311, 영상 국민의힘은 단일화 끈 놓지 않아 국민의당은 끝났다 
312,경산시장 메운 청중
313,이재명 기초연금 만 만원 인상 부부감액제 폐지 
314,안전모 손에 든 이재명
315, 주가조작하면 책임을 부끄러운 줄 알아야 
316,창원서 지지 호소하는 이재명 후보
317, 영상 단일화 결렬 협상의 민낯 공개한 떠넘기는 모습 만 부각
318,나경원 일 제주 방문 윤석열 지지 호소 예정
319,윤석열 후보 양천구 목동서 유세
320,자전거 유세 나선 이재명
321, 자위대 망언 순국선열 앞 사죄하라 특별성명 발표
322,강릉 간 윤석열 대선 열흘 남기고 무슨 정치개혁 교체가 정치개혁 
323, 측 만나자고 해 들어보자고 만난 것에 불과 고려할 가치 없다 결론 내려 종합 
324, 포토 윤석열 안철수와 전날 단일화 합의했지만 오늘 오전 시 결렬 통보받아 
325, 측 측 신뢰 어려운 세력 뜻대로 안되자 입맛맞게 까발려 종합 
326, 일 담판 카드만 남은 단일화 안철수 만나 결단할까
327, 역대급 비호감 대선 막말 묻지마 폭로에 고소 고발장 산더미
328,창원에서 연설하는 이재명 후보
329, 그래픽 민주 국힘 지지율 동률 문 대통령 
330,이재명 한 번 가입으로 시도 내 모든 공공도서관 도서 대출 반납 
331,이재명 고향 공략 시동
332,지지 호소하는 안철수 후보
333,정순택 천주교 대주교와 환담하는 새로운물결 김동연 대선후보
334,송영길 잘 부탁드리겠습니다 
335,유세하는 이재명
336,황리단길에서 연설하는 이재명 대선후보
337,대구 시민들과 호흡하는 이재명
338,안철수 종로 강남 유세 유튜브 출연도
339, 민심은 어디로 향하나 
340, 완주 안철수 지지표 에 뭉칠까 으로 흩어질까
341, 겨냥 우크라사태 답도 머리에 없는데 어떻게 대통령하나 
342,표심 구애하는 이재명
343,답변하는 윤리특별위원회 여당 간사 한병도 의원
344,안철수 윤석열 토론 환기 머릿속에 답 없는 사람 
345,푸틴이냐 국제적 욕먹은 이재명에 윤석열 대신 사과 
346,심상정 대통령은 도덕성이 중요 제주 제 공항 백지화 공약 
347, 현장 이재명 창원서 홍준표 무상급식 폐지 성남과 비교돼 덕 봤다 
348,지지자들과 인사하는 윤석열 후보
349, 단일화 멀어졌어도 대선 당일 대진표 여전히 알 수 없다
350, 단일화 결렬 여진 계속 책임돌리기 신경전 이유는
351,이재명 대선후보 자전거 유세
352, 대 대선 유권자들의 선택은
353,안철수 후보 고창 상인들 손 꼭 잡고 
354,이재명 싸울 필요 없는 평화 윤석열 힘에 의한 평화 안보관 정면 충돌
355,윤석열 강원 민심을 잡아라 
356,윤석열 방역패스 완전 철폐 방역지원금 최대 만원 
357,군 당국 사드 자재 반입 주 회로 확대 반대단체 반발
358,지지자들 향해 인사하는 이재명 대선후보
359,부산에서 지지자에게 인사하는 이재명 대선후보
360, 대선 단일화 토론 말실수 따라 승자 갈린다
361, 대 대선 유권자들의 선택은
362,권영세 추가 요구는 사퇴 모양새 그것도 다 됐는데 돌연 결렬 
363,이재명 윤석열 접전 서울 
364,이재명 윤석열 수도권 맞불 유세 안보관 등 격돌
365,이재명 대선후보 고양 집중 유세
366, 속보 얘기하면 지금이라도 찾아갈 것 화답 기다려 
367, 정치개혁 국민통합 빅텐트 마련 정의당 선거용 의혹 진정성 의심 
368,민주당 충청권 국회의원 지방기업 법인세 감면 이재명 공약 지지
369,이재명 표심 잡아라 
370,윤석열 연호하는 포항 시민들
371, 영상 단일화 결렬 속 다시 초박빙 구도 여야 중도 표심 에 사활
372,이재명 평화번영 추구하지만 도발 어떤 경우도 용납 않을 것 
373,취재진 질문에 답하는 안철수
374, 장모 동업자 감옥 보내고 억 차익 날조된 마타도어 
375, 민주운동 기념식 참석한 김부겸 총리
376,포항 찾은 이재명 빌릴 머리라도 있어야 직격 
377,윤석열 조 성인지 예산 일부만 써도 북핵 위협 막아 
378, 포토 공개된 대장동 배수구 문건
379,윤석열이 보러 나온 구름 관중
380,전남 민심 향하는 안철수 후보
381,윤석열 흥겨운 어퍼컷 세리머니
382,포항 찾아 지지 호소하는 이재명
383,대구 시민들에게 엄지 척 보내는 이재명
384,이재명 대선후보 두 팔 치켜 세우며 
385,어퍼컷 세리머니 하는 윤석열
386, 오늘 집중 유세 안동 출신 이재명 대통령 만들어달라 호소
387,답변하는 서욱 국방부 장관
388, 녹취구성 푸틴 우크라군에 권력장악 국가지도부 제거 촉구
389,지지자들 향해 하트 만드는 이재명 대선후보
390,꽃다발 손에 든 윤석열 대선후보
391,윤석열 구로를 디지털 굳로 로 
392, 옛 친박계 이정현 윤석열 지지 호소 정권교체가 최고의 선 
393, 시대의 지성 이어령 초대 문화부 장관 빈소 조문하는 이재명
394,윤석열 에 참여 필요 심상정 전략적 균형 무너져 
395,윤석열 후보 어퍼컷 세리머니 
396, 윤석열차 이준석 이재명 출생지 안동서 형수욕설 훈육해달라 
397,이재명 통합정부 윤석열 정치쇼 안보서도 안방장비 유약 충돌 차 토론 
398, 꽃 받는 안철수 후보 
399,두루마기에 태극기 든 이재명 대통령만 사고 안치면 전쟁없어 
400,윤석열 강원 개 지역 훑는다 정권교체 표심 호소
401, 측 토론회 사회자 편파진행 엔 답변준비 시간 호의 
402, 선제타격 의지로 전쟁예방 자극적 발언이 도발 지적 나와 
403,안철수 준공 년 넘은 아파트 무료 안전점검 실시 주거 안전 보장 
404, 통합정치는 의 꿈 의 소망 보수텃밭서도 러브콜 영상 
405,당사 나서는 윤석열 후보
406,순천 찾은 안철수 김미경 부부
407, 이재명 윤석열 소수점까지 같았다
408,이재명 협치 제안에 심상정 민주당이 키운 윤석열 작심 비판
409,기자회견 입장하는 윤석열 후보
410, 에도 초박빙 판세 투표율과 지지층 결집이 관건
411, 포토 대장동 배수구 문건 실물
412,전쟁반대 외치던 여학생 폭행 방관 국힘당 규탄한다 
413,윤석열 번에게 표를
414,단일화 관련 입장 밝히는 안철수
415, 오후 시 단일화 회견 여론조사 수용 공동정부 제안 전망 종합 
416,포항 유세장 도착한 이재명 후보
417, 전화면접은 역전 
418,대구서 지지연설하는 이재명 대선후보
419,꽃다발 받은 이준석 대표
420,대구 유세 참석자들과 주먹인사하는 이재명 후보
421,경기 지역 공약판 들어보이는 이재명
422,권성동 의원과 대화하는 윤석열 후보
423,이재명 선조 정조 보라 리더는 빌릴 머리 라도 있어야 
424,빙하 타고 온 둘리 안중근이 나라 팔았나 최고조 달한 신경전
425,주말 잊고 달리는 이재명
426,이재명 창원 유세
427, 일본군 한반도 진주 취지 충격적 국힘 허위 억지 
428,이재명 요청으로 다당제 개혁 추인 에 본격 대시 
429, 측 공동인사권 제안 이태규 보고 세부내용 못들어 
430,전남 여수서 유세 이어가는 안철수 후보
431,황리단길 찾아 자전거 유세 선보이는 이재명
432, 헤럴드 대장동 배수구 문건을 공개하는 국민의힘 원희룡 정책본부장
433, 데일리안 오늘뉴스 종합 윤석열 과 단일화 최종 합의 단계에서 결렬 통보 받았다 코로나 백신 차접종률 중 번째로 높아 러시아 스위프트 퇴출 제재 수위 
434, 우크라 항전 응원 우크라 대통령 비하하다 국제망신 
435,울산서 지지 호소하는 이재명 후보
436, 정치 대선 단일화 없이 투표용지 인쇄 시작
437,국힘 대장동 의혹 대선까지 뭉개려는 것 
438, 포토 마스크 다시 쓰는 윤석열
439,양천구 지지자들에게 인사하는 윤석열
440, 이재명이 부산에 왔습니다 
441, 정치보복 없다 대국민 선언하자 보복한다면 국민이 가만 놔두겠나 
442,이재명 윤석열 안철수 심상정 당선가능성 이 윤 
443,이재명 간절한 호소
444,이재명 대선후보 민심을 잡아라 
445,노무현 전 대통령 손자 끌어안은 이재명 대선후보
446,저출생 원전 정책 어떻게 바뀌나 후보별 사회 공약
447,김재연 거대 양당 정치로 구조화된 불평등 해결할 것 
448,윤호중 윤석열 자위대 망언 순국선열 희생 부정 역사 모욕 
449,우상호 러 침략이 가장 잘못 우크라 대통령 미숙한 점도 사실 
450,이재명 박 일 방문 취약지 공략
451,윤석열 강원 유세 시작
452, 민주운동 기념탑 방문한 김부겸 총리
453, 민주운동 기념탑 참배하는 김부겸 총리
454, 인기만점 안철수 부부
455,부산에서 외치는 이재명은 합니다 
456,이재명 윤석열 단일화시 더 접전 한국갤럽 
457, 최대 승부처 수도권서 민주당 년간 완벽하게 실패 종합 
458, 안보관 겨냥한 이낙연 평화와 안보 벼락공부로 안돼 
459, 단일화 무산에 직격 권한 많은 사람 책임도 커 
460,이낙연 결사항전 젤렌스키와 우크라 국민에 경의 
461,공약 서약식하는 이재명 후보
462, 포토 윤석열 후보 단일화 결렬 
463,이재명 대선후보 창원유세
464, 단일화 파국에 네 탓 공방 극적 반전 가능성 희박 
465,이재명 대선후보 구미 유세
466, 우크 대통령 책임 러 규탄 이준석 국제적 이슈도 말장난 
467, 측 만나자고 해 들어보자고 만난 것에 불과 고려할 가치 없다 결론 내려 종합 
468, 영상 이완용이 안중근 비난 이 몸통 또 대장동으로 얼룩진 토론
469,민주 탄도미사일 도발 강력 규탄 평화 위협 멈추라 
470,이재명 자전거 유세차 타고 주먹인사
471,윤석열 에 일 전화 통화는 불발 주말 만남 성사될까
472,우크라 안보 설전 윤석열 신냉전 몰라 이재명 물귀신 작전 
473, 지지자들과 인사 나누며 
474, 에 보낸 문자 통 공개 진정성 믿어달라 만나서 얘기하자 
475,심상정 후보 고인에게 헌화 
476,이재명 윤석열 안철수 리얼미터 
477, 단일화 무산에 직격 권한 많은 사람 책임도 커 
478, 으로부터 단일화 들은 바 없다 철저하게 무시당했다 
479,포항에서 지지자들에게 인사하는 윤석열 후보
480,심상정 공군 성폭력 피해 이예람 중사 사망사건 특검해야 
481, 지지자 홀린 어퍼컷 세리머니
482,취재진 질문에 답하는 한병도 국회 윤리특별위원회 여당 간사
483,이재명 징용 위안부 해결책 에 요청말고 이 찾아내라 
484, 단일화 타결 직전 으로부터 결렬 통보 희망의 끈 놓치 않겠다 종합 
485,태극기 흔드는 이재명 후보
486,손 맞잡아 들어올리는 이재명 대선후보
487,단일화 협상 관련 기자회견 마치고 회견장 나서는 윤석열 후보
488,이재명 민심에 호소
489,포효하는 이재명
490, 주말 유세서 망언 공세 김건희 주가조작도 겨냥 종합 
491,강릉 간 윤석열 대선 열흘 남기고 무슨 정치개혁 교체가 정치개혁 
492,이재명 대선후보 연설 듣는 창원 시민
493,코로나 대확산 속 투표율 주목 유불리 속단 어렵다
494,윤석열 대통령 탈원전 뒤집었다 직격
495,유세하는 심상정
496, 단일화 출구전략 가동 표로 단일화 승부수
497,포항 간 윤석열 부정선거 걱정말고 사전투표 해달라 종합 
498, 장모 동업자 감옥 보내고 억 수익 거짓 자료 
499,부산 찾은 이재명 대선후보 남부 지역 새로운 수도권 만들자 
500, 단일화 파국 여론전 펼치며 허위사실 유포 공방까지 종합 
501, 내일 긴급의총 이재명표 정치개혁 당론 추인
502,경주서 지지호소하는 이재명 후보
503,우상호 한미일 동맹 해명에 이 사람들이 국민을 바보로 아나 
504, 토론 이재명 우크라 먼 나라 발언 지적에 거짓말 자주 해 
505,윤석열 경북 구석구석 텃밭 다지기 이준석 동행
506,안철수 윤석열 토론 환기 머릿속에 답 없는 사람 
507, 속보 윤석열 오늘 아침 시 단일화 결렬 최종 통보받아 
508,일산 찾은 이재명 대선후보 파란 장미 손에 들고 
509, 간 이재명 통합정부 강조 주가조작 뼈도 못추리게 해야 
510,한 치 앞 안보이는 대혼전 양강 긴장감 고조
511, 포토 윤석열 후보 부동시 면제의혹과 관련한 자료 바라보는 정석환 병무청장
512,이낙연 러시아 국제법 위반 
513,윤석열과 안철수 마주보고 인사
514,이낙연 결사항전 우크라이나 대통령과 용감한 국민들께 경의 
515, 영상 타임라인까지 공개된 단일화 최종합의 이후 결렬 이유 모르겠다 
516,지지연설 단상에 올라선 
517,국민의힘 이재명 반일선동 중단하라 전날 토론 차전 치열
518, 포항 찾아 박태준 존경 외가 강릉 찾아 정권교체 
519,우크라 사태 놓고 서로 유약한 태도 큰소리만 뻥뻥 안방 장비 
520,포효하는 이재명
521,강릉 찾아 정권교체 외치는 윤석열 후보
522, 뉴스초점 차 법정 토론 정치개혁 안보관 격돌
523,정의 정치개혁안 법안별 당론채택 여부 모호 선거용 의혹 
524,민주당 충청권 국회의원 지방기업 법인세 감면 이재명 공약 지지
525,윤석열 어퍼컷으로 표심 얻기 
526,팔 걷어부친 이재명
527, 에도 초박빙 판세 투표율과 지지층 결집이 관건
528,심상정 유사시 들어올 수 있어 발언 경악스러워 
529,경북지역 유세 나선 이재명 후보
530,어린이와 사진 촬영하는 심상정
531,전남 유세 이어가는 안철수 대선후보
532, 전주신중앙시장 찾은 안철수 후보 
533,민주당 전북도당 문용주 전 국회도서관장 영입
534,권성동과 강릉 시민들에게 인사하는 윤석열
535, 수도권 표심 경쟁 홍대 거리로 은 강남역 공략
536,손 잡은 포항 정치권
537,인사 나누는 송영길 이준석
538, 자위대 망언 순국선열 앞 사죄하라 특별성명 발표
539,더불어민주당 의원총회 대화 나누는 송영길 윤호중
540, 대선 안철수 완주 책임정치 철수 정치 사이 딜레마
541, 평화공원 참배하는 심상정 대선후보
542, 포토 북한 도발 관련 자료 바라보는 서욱 국방부 장관
543, 윤석열 안보 단순무식 이재명 외교 결례 
544,이태규 후보간 만남 조건 진솔한 사과 협상 공개 회견은 모순 
545,포항에서 인사하는 윤석열 후보
546,김총리 불의에 타협 않은 정신 대한민국 민주주의 뿌리 종합 
547,포항에서 지지자들 만나는 윤석열 후보
548, 인사말 하는 추미애 명예선대위원장 
549, 포토 윤석열 후보는 어디에 
550,윤석열 후보 단일화 결렬 통보 화답 기다리겠다 
551,부산에서 외치는 이재명은 합니다 
552, 헤럴드 발언하는 국민의힘 권영세 선거대책본부장
553, 선대위 필승결의 낮은 자세로 끝까지 최선 
554,윤석열 오늘 경북 개 도시 순회 집토끼 확실히 잡는다 
555,이준석 안동사람들 형수욕 하면 혼내지 않겠냐 
556,김포에서 지지자에게 인사하는 이재명 대선후보
557,이재명 러시아 빨리 철군해야 정부 대러제재 확실히 세게 
558, 포토 발언하는 윤호중 더불어민주당 공동선대위원장
559,이재명 대선후보 모인 시민들 앞에서 
560,박근혜 지지단체 총연합 지지선언 좌파정권 끝장낼 후보 
561,이준석 러시아 침략 정당화 억지 주장 말장난 종합 
562,이재명 산업단지 청년 교통비 지원 통근버스 확대 
563,심상정 장애인 집회 중단 이어 포스코 지주회사 포항 잔류 도 한몫
564,지지자들과 인사하는 이재명 대선후보
565,이재명 겨냥 전쟁 좋아하는 주술사에 넘어가면 
566, 포토 성일종 국민의힘 간사와 인사 나누는 서욱 국방부 장관
567,기자회견 참석하는 윤석열
568, 녹취구성 단일화 온도차 안철수 경선 생각 없으면 끝난 일 윤석열 노력 중 
569,이재명 선거운동원들 힘내세요
570,고민정 반말 인터뷰 서 이재명 첫인상 싫었지 
571,심상정 년 전엔 대선후보들 앞다퉈 페미니스트 자임 종합 
572,저출생 원전 정책 어떻게 바뀌나 후보별 사회 공약
573,포항에서 이재명 지지 연설하는 송영길 대표
574, 우크라 항전 응원 우크라 대통령 비하하다 국제망신 
575,윤석열 어퍼컷 재개
576, 쿡 에 등장한 이재명 노무현 문재인과 저 이재명 다르지 않다 
577,부산지역 소상공인들과 함께 선 이재명
578,윤석열 화답 기다리겠다 
579, 민주운동 기념식서 묵념하는 김부겸 총리
580,사인하는 안철수
581,야권 단일화 결렬날 민주당 정치개혁안 당론 채택 러브콜 강화
582,심상정 겨냥 젤렌스키에 전세계 감동 푸틴 강력 규탄 
583, 데일리안 시사만평 안철수 조건만남 민주당 쇼맨십 윤석열 군불떼기 
584, 전문 자위대 한반도 재진입 윤석열에 이재명 특별성명 선열과 국민께 사죄하라 
585,윤석열 후보 어퍼컷 세리머니 
586, 국민의힘 선거 전략은 
587,이재명 밝은 미소 
588,어린이와 기념촬영하는 이재명 대선후보
589,국기에 대한 경례하는 민주당
590, 대선 사라진 대선공약 가계부 국민 검증 기회마저 박탈
591,윤석열 민주당 운동권이라 북한 도발을 도발이라 말 못해 
592, 신안저축 윤석열 처가 사업에 억 넘게 대출 이례적 
593,심상정 양당정치는 독재 타당 투표로 다당제 연립정부 가능 
594, 기호 번 이재명 지지해주세요 
595,이재명 대선후보 고양 집중 유세
596,인사나누는 권영세 원희룡
597,우크라이나 깃발 펼쳐든 윤석열 선거운동원들
598, 꽃 받는 안철수 후보 
599, 포토 기자회견 마친 뒤 선거 유세장으로 이동하는 윤석열
600,이재명 유관순에 미안하지 않나 차라리 거짓말이었으면 
601, 이재명이 궁금해 
602, 통합정부 효과 조짐에 좋은 일 종합 
603,안철수 공수처 폐지해야 이재명 부족했지만 역량 키워야 
604,윤석열 단일화 회견 후 포항 유세부터 일정 재개
605,셔츠 차림 이재명 대선후보 부산 민심에 호소 
606,인천 검단 신도시 주민들 만난 윤석열
607,지지자들 바라보는 의 눈빛
608,윤석열 경북 강원 박 일 거점유세
609,소상공인 정책건의서 전달받은 이재명 대선후보
610, 만원 매표행위 라던 윤석열 당선되면 자영업자 최대 만원 
611,홍남기 부총리 만난 이광재 외통위원장
612,더불어민주당 송영길 대표 의원총회 발언
613,이재명 대선후보 부산서 지지호소
614, 여론 정권교체 정권유지 격차 좁혀져
615,민주당 정치개혁안 추진 정의당 기초의원선거구 인 이상 획정 
616,윤석열 모라토리움 깨는건 시간문제 힘 통한 평화 달성 
617,빙하 타고 온 둘리 안중근이 나라 팔았나 최고조 달한 신경전
618,이재명 대선 후보 역사를 담은 경주에서 미래를 연다 
619,윤석열 번에게 표를
620,이재명 집중 유세 윤석열 강원에서 지지 호소
621,윤석열 오늘 경북 유세 돌연 취소 과 단일화 담판 시도
622,핵억제 두고 설전 왔다갔다해서 잘모르는 말씀 
623, 다당제 전쟁 억제 정치개혁 피력
624,윤석열 단일화 협상 결렬 통보받아 야권통합 희망 놓지 않아 
625, 종합 윤석열 과 단일화 최종 합의 단계에서 결렬 통보 받았다 
626,통합 위해 정치교체 정권교체가 정치개혁 
627,안철수 단일화 시도 들은 바 없다 
628,답변하는 포항시장
629,국민승리 이재명 후보 고양 유세
630,답하는 이강덕 포항시장
631,민주 총리 국회 추천 결선투표제 등 정치개혁안 당론 채택
632,이재명은 합니다
633, 주먹 쥐고 유세활동 하는 안철수 후보 
634, 측 측 진의 확인하려 만나 전권협상 대리인 아니었다 
635,윤석열 후보 강원 속초 유세
636,민주 장모 동업자 감옥 보내고 억 수익 거짓 자료 종합 보 
637,팔 걷어부친 이재명
638,이재명 후보 자전거 유세
639,광장시장 상인들과 인사 나누는 안철수 부부
640,신도림역 앞 가득 메운 지지자들
641, 과보호가 일자리 막는다 국책 의 일침
642,심상정 유사시 들어올 수 있다 는 말에 경악 
643,대장동 또 격돌 커피는 왜 타줘 정진상 의형제 
644,심상정 민주당이 키운 것 가슴 콕콕 찔러 
645, 포토 국민의힘이 공개한 대장동 배수구 문건
646,스마트폰 사진 찍는 이준석 대표
647,이재명 요청으로 다당제 개혁 추인 에 본격 대시 
648,용접공 장갑 선물 받은 이재명 후보
649,김종인 머리 빌리면 된다 아무나 쓴다고 나라 기능하나 
650,노무현 전 대통령 손자와 연단 오른 이재명
651,이광재 의원 내달 일 폐광대책비 관련 정부안 제시될 것 
652, 대통령 어떤 위협도 막아낼 우월한 방어력 최첨단 군 진화 
653,포항에서 지지자들 만나는 윤석열 후보
654,대구서 유세 연설 나선 이재명 후보
655,김포 찾은 이재명 후보
656, 이재명은 약속 지킵니다 
657,윤석열 경북 구석구석 텃밭 다지기 이준석 동행
658,이재명 선거운동원들 힘내세요
659, 자위대 발언 맹폭 천박도 부족 국민 바보로 아나 
660,윤석열 북한 모라토리움 깨는 것 시간 문제 힘 통한 평화 달성 
661,이재명 표심 잡아라 
662, 단일화 결렬 통보 
663, 대 대선 유권자들의 선택은
664, 윤석열 안철수 단일화 결렬 반색 포기하지 말라 
665, 전문 이태규 측 책임 회피하려 어떤 짓도 하는 신뢰 어려운 세력 
666,제주 유권자와 악수 나누는 심상정
667,이재명 우크라 대통령 폄하 지적에 표현력 부족했다 사과
668,김포에서 밝게 웃는 이재명 대선후보
669,권성동 의원과 강원 유세 나선 윤석열 후보
670, 서 통합 외친 이재명 정치개혁 앞세워 외연확장 시도 종합 
671,답변하는 정석환 병무청장
672,이재명 부산 살아있네 
673, 포토 윤석열 후보 오늘 안철수 후보측 결렬 통보 
674,이재명 김종인에 선거 합류 타진 개헌 고리로 교감하나
675, 포토 원희룡 대장동 배수구 문건 실물 공개 
676, 포토 국회 국방위원회 전체회의 참석한 서욱 정석환
677,터놓고 얘기하고 싶어 협상 시한 이미 종료 
678, 현장 이재명 대구서 대통령 직속 남부수도권 추진 두고 직접 챙길 것 
679,박수치는 윤석열 대선후보
680,포항에서 지지호소하는 윤석열 후보
681,지지자로부터 꽃 선물받는 이재명
682,안철수 후보 단일화 시한종료 선언 
683,단일화 협상 관련 기자회견 마치고 회견장 나서는 윤석열 후보
684,이재명 대선후보 포항서 지지호소
685,단일화 결렬 관련 기자회견하는 이태규 국민의당 총괄선대본부장
686,부산 찾은 이재명 대선후보 남부 지역 새로운 수도권 만들자 
687, 어머니 고향 강릉 찾은 윤석열 허리숙여 인사
688,경북지역 유세 나선 이재명 후보
689,정의당 정치개혁안 당론 채택에 구체적 계획 밝혀야 
690, 포토 안철수와 단일화 관련 입장 표명 마친 윤석열
691,이낙연 러시아 국제법 위반 용감한 우크라 대통령 국민 경의 
692,이재명 후보 부산 공약 약속
693,윤석열 대리인은 장제원 안철수 대리인은 이태규 왜 
694,박근혜 지지단체 총연합 지지선언 좌파정권 끝장낼 후보 
695, 일본군 한반도 진주 취지 충격적 국힘 허위 억지 
696,윤석열 대선후보 포항서 유세 재개
697,국방위 전체회의 탄도미사일 우크라 현안 질의 
698,환호하는 이재명 지지자들
699,강원도 동해 찾은 윤석열
700,대선에 묻혀도 공약경쟁 후끈 청주상당 재선거 공보물 발송
701,자전거 타고 지지 호소하는 이재명 후보
702, 그래픽뉴스 방역패스 일시 중단
703,윤석열 일일 확진자 세계 최고 이게 정부 맞나 
704,박근혜 지지단체 총연합 지지선언 좌파정권 끝장낼 후보 
705, 전화면접은 역전 
706,이준석 백신패스 폐지 공약에 정부 입장 돌변 
707,이재명 대구 유세 찾은 지지자들
708,강아지도 번 
709, 대 대선 유권자 수 만명 대 비교해 증가
710,이재명 재정상 부담 기본소득 조금 미루겠다 
711, 그래픽 대선 지지율 종합 
712,고민정 이재명 첫인상 싫었지 단점은 본인이 웃기다고 생각 
713,정영학 남욱 녹취록 발언 내용 공개하는 김은혜 공보단장
714,초박빙 대선 부동층 겨냥 막판 청년표심 구애 은 글쎄 
715, 현장 윤석열 분 전 유세 취소 반쪽짜리 경북 일정
716, 측 측 신뢰 어려운 세력 뜻대로 안되자 입맛맞게 까발려 종합 
717,부산 찾은 심상정
718,대장동 배수구 문건 실물 공개
719,당사 나서는 윤석열 대선후보
720,단일화 협상 관련 기자회견 마치고 당사 나서는 윤석열 후보
721,윤석열 후보 정권교체 
722,이재명 주먹 불끈
723,질문에 응답하는 김병욱 의원
724, 성인지 예산으로 북핵 막자 는 에 또 하나의 망언 사과하라 
725, 의원 지역위원장과 필승 결의 낮은 자세로 최선 
726,이재명 과학기술 일류강국 좋은 일자리 만개 만들 자신 
727,지지자로부터 꽃 선물받는 이재명
728,민주당 운동원과 인사 나누는 안철수
729,이재명 대선후보 지지자들과 찰칵 
730, 헤럴드 안경을 고쳐쓰는 이태규 국민의당 총괄선대본부장
731,대선 열흘 앞으로
732,한국리서치 동률 오차범위내 초접전 종합 보 
733,경북 포항 유세 나선 이재명 대선후보
734,파주 찾아 평화 강조하는 이재명
735,이재명 대선 승리 향해
736,심상정 대통령은 도덕성이 중요 제주 제 공항 백지화 공약 
737, 몸값 오른 안철수 이재명 윤석열 모두 눈치보기
738,국민의례
739,이재명 미사일 도발 규탄 경거망동 중단하라 종합 
740,윤석열 한국 대러제재 파트너국서 빠져 동맹 중 유일 
741,대구 집중유세 나선 이재명
742, 포토 국민의힘 당사 떠나는 윤석열 대선후보
743,울산 현대중공업 앞에서 출근 유세 펼치는 김재연 후보
744,울산 시민들과 인사 나누는 이재명
745,인사하는 이재명 후보
746,변희수 하사 주기 추모제 헌화하는 심상정 대선후보
747,인천 찾아 유세하는 윤석열
748, 사전투표 금토 이틀 손가락 인증샷 되고 투표지 촬영 안돼
749, 우크라 항전 응원 우크라 대통령 비하하다 국제망신 
750, 경기 지역 공약판 들어보이는 이재명 
751, 포토 국회 국방위원회 전체회의 찾은 서욱 정석환
752,이재명 윤석열 개 여론조사서 초접전 시계제로 종합 
753,윤석열 오늘 유세 전격 취소
754, 대선 동선 보면 전략 보인다 마지막 열흘 결국은 수도권 
755,피켓 들고있는 이재명 대선후보 지지자
756, 발언하는 국민의당 안철수 대선 후보 
757, 윤석열차 이준석 이재명 출생지 안동서 형수욕설 훈육해달라 
758,심상정 선심성 예산 밀어붙이면서 차별금지법 은 동의 필요한가 
759, 신천지 비호 현수막 훼손 놓고 민주 국민의힘 신경전 
760, 오늘 집중 유세 안동 출신 이재명 대통령 만들어달라 호소
761, 오늘의 주요일정 정치 정부 일 토 
762,국힘 도발 종전선언 집착한 정부 대북정책 때문 
763, 러시아의 우크라 불법 침략 규탄 결의안 추진
764, 오늘의 유세일정 일 일 
765,이재명 대선후보 고마워 
766,포항서 선거유세 재개한 윤석열 후보
767,고향 표심 호소하는 이재명
768, 민주당 정권 대러 제재 동참 안해 수출 통제 받는 신세 
769, 미사일 발사 규탄 한반도 동북아에 긴장 조성 
770,이재명 대선후보 지지자들과 엄지 척 
771,윤석열 후보 지지자들과 인사하며 
772,이재명 양손 엄지 척 
773,윤석열 후보 지지
774, 안철수 옛 멘토 윤여준 또 철수 트라우마 고민 클 것 
775, 단일화 사실상 무산 측 책임공방 지속
776,전쟁반대 외치던 여학생 폭행 방관 국힘당 규탄
777, 현장 일만에 찾은 긴급구제금융 꺼내들며 민생대통령 띄우기
778,주한 우크라 대사 이재명 대통령 초보 발언 공유
779,심상정 대구서 지하철 참사 유족 위로
780,이재명 지지 호소하는 이낙연
781,이재명 김종인에 비전위원장 등 제안 통합정부 외연확장 포석
782,빙하타고 온 둘리 이완용 같다 비방전 치달은 종합 
783, 보수 심장 파고드는 이재명 포항 경주 대구 안동 누빈다
784,윤석열 후보는 어디에 
785, 윤핵관 단일화 협상 과정서 재등장 민주당 국민 우롱 
786,이재명 자전거 유세차 타고 경주 황리단길 방문
787,이재명 대선후보의 부산 유세
788, 출신 호남 공들이는 지역주의 허물 상징 숫자 나올까
789, 속보 권영세 측 여론조사 단일화 요구 없어 사퇴 관련 모양새를 요구 
790,서욱 국방장관 국방위 전체회의 현안 보고
791,윤석열 후보 양천구 목동서 유세
792,새로운물결 김동연 대선후보와 환담하는 정순택 대주교
793,안철수 공수처 폐지해야 이재명 부족했지만 역량 키워야 
794, 다당제 제도화 이재명 김종인 영입 나섰다 외연확장 승부수
795,민주당 중앙선대위 회의
796, 지지선언 문화예술인 만나 블랙 중에 블랙 될 가능성 있는데 
797,윤석열 후보 오늘 안철수 후보측 결렬 통보 
798,이재명 과학기술 혁신을 국정 맨 앞줄에 배치 
799,지지자에게 인사하는 이재명 대선후보
800, 속보 윤석열 오늘 아침 시 이 단일화 결렬 통보 
801, 젤렌스키에 감동 참여론 우크라로 만들잔 얘기 
802,국방위 전체회의 출석한 서욱 국방부장관
803,안철수 후보 단일화 시한종료 선언 
804,이재명 취약지 공략 포항 경주 대구 구미 안동 순회
805,권은희 책임회피 기자회견 단일화 곰탕 안 끓인다 선언 지키길 
806,속초에서 지지 호소하는 윤석열 후보
807,우상호 야권 단일화 끝났다 윤석열 안철수에 결렬 책임 덮어씌워 
808, 속보 측 장제원 측 이태규 대표로 단일화 협상 벌였다 
809,정치 안보 주제로 격돌한 대선주자들 싸울 필요 없는 평화 평화는 억지력 종합 
810,송영길 포항 민심 잘 챙기겠습니다 
811, 북 시험발사 강력 규탄 힘 통한 평화 달성하겠다 
812, 속보 측과 단일화 최종 합의 단계 갔지만 단일화 결렬 최종 통보 받아 
813, 김건희 도이치모터스 제품 및 디자인전략팀 이사 
814, 한류 콘텐츠 무단 침해 건수 년 새 배 늘어났다
815,박근혜 지지단체 총연합 지지선언 좌파정권 끝장낼 후보 
816,답변하는 포항시장
817,윤석열 대리인 합의했으나 오늘 결렬 통보 희망의 끈 안놔 
818, 단일화는 저 너머로 
819,이재명 보러 몰린 인파
820,윤석열 발언에 환호하는 지지자들
821,인천 찾은 윤석열 이재명 향해 왜곡된 안보관 경제 번영 시키겠나 
822,김포에도 큰 지하철 들어오게 해주세요
823,부산 시민 응원받는 이재명
824,서욱 국방장관 우크라이나 사태 관련 질의에 대한 답변 
825,국힘 송영길 유세 발언에 미친 언행 망언 사과하라 
826,윤석열 이것이 강원도의 힘 
827,이재명 대선후보 연호하는 지지자들
828,대구에서 연설하는 이재명 대선후보
829,이재명 공공도서관 한번 가입해 어디서든 대출 반납 
830,대장동 배수구 문건 실물 공개한 국민의힘
831,경북지역 유세 나선 이재명 후보
832,안전모 손에 든 이재명
833,윤석열 유세 현장 대학생의 기습시위
834,윤석열 우크라 결사 항전 응원 국제적 역할 포기는 비겁 
835,유세에 쏠린 눈
836,인사하는 이재명 대선후보
837,이재명 국민 삶보단 네거티브에 매달려 아쉽다 
838,포항시청 앞에 몰린 이재명 유세인파
839,이재명이 포항에 왔습니다
840,여야 정치권 일제히 고 이어령 전 장관 추모
841, 측 에 이중플레이 프레임 국힘 국민경선만 빼달라했다 종합 
842, 쿡 찾은 이재명 어려운 약속이라도 공약은 반드시 지킬 것 
843, 따르는 지지자들
844,안철수 요청에 바로 움직인 민주당 일 저녁 긴급의총 소집
845,이재명 수도권은 양당 독식 정치개혁 고리로 에 손짓
846, 문자폭탄 피해에 국힘 정치건강 해치는 자제해달라 
847,이준석 소고기 도둑 이재명 준비 안 된 부도덕한 후보 
848, 대선 승리 다짐 
849,구로구 찾아 유세하는 윤석열
850,김종인 머리 빌리면 된다 아무나 쓴다고 나라 기능하나 
851, 전문 자위대 한반도 재진입 윤석열에 이재명 특별성명 선열과 국민께 사죄하라 
852, 윤석열차 국민의힘 본진 서 사전투표 독려에 사활 왜 
853, 평화공원 참배하는 심상정 대선후보
854,윤석열 야권통합 끈 놓지 않을 것 화답 기다릴 것 보 
855,안철수 의 대한민국 알고 뽑나 김미경 남편 여러분께 드린다 
856,더불어민주당 선대위 접경지 주민 희생에 보답하는 민 군상생 이루겠다 
857, 민주운동 기념식 참석한 김부겸 총리와 양당 대표
858,심상정 대선후보 변희수 하사 주기 추모제 참석 
859,우상호 단일화 극적 합의돼도 큰 영향 없어 초접전 
860, 사드배치 반대 유세 현장 기습시위
861,경북대 북문 앞에서 유세 펼치는 김재연 후보
862,국힘 이재명 러시아 침공 우크라이나 탓 인식 충격적 
863,울산 유세 나선 이재명
864, 민주운동 기념식 참석한 이준석과 송영길
865,단일화 협상 관련 기자회견 위해 회견장 들어서는 윤석열 후보
866,이재명 대선후보 머리 위로 하트 
867,그림 선물한 아이와 셀카 찍는 윤석열
868, 이 만나자고 하면 언제든 차 돌려 가겠다는 건 진심 
869,심상정 강릉 유세 주 일제 도입 강원도 관광객 억명 시대 열겠다 
870,안철수 윤석열 제안 고려할 가치 없다 결론 전권 대리인 
871,이재명 에 친일 딱지 총공세 절 앞두고 국민에 사죄하라 
872,윤석열 겨냥 도발을 도발이라 못해 운동권 정권이라 
873,윤석열 오늘 유세 일정 취소 과 단일화 담판 시도
874,취재진 질문에 답하는 윤석열 후보
875, 사전투표 금토 이틀 손가락 인증샷 되고 투표지 촬영 안돼
876,윤석열 내가 강릉의 손자 
877,이재명 과학기술 일류강국 만개 일자리 자신 있다 
878,이재명 대선후보 청년들 손 잡고 
879, 포토 단일화 결렬 
880,대구 찾은 이재명 대선후보
881,고향으로 온 이재명
882,이재명 전쟁은 어떤 경우에도 허용돼선 안된다 뉴시스 
883,민주 장모 동업자 감옥 보내고 억 수익 차지 
884,정의당 대표에 자문위원 임명장 이준석 성평등자문위원 임명 맞불
885,공식 선거운동 스타트 아내가 사라졌다 데이터로 본 정치민심 
886,의총 발언하는 윤호중 원내대표
887,민주당 미사일 발사 강력 규탄 긴장 조성 행위에 강한 유감 
888,의원총회 발언하는 윤호중 민주당 원내대표
889, 검단 신도시 거주자들과 간담회
890,경기 지역 공약판 들어보이는 이재명
891,창원 유세하는 이재명
892,구미에서 연설하는 이재명 대선후보
893,진보당 김재연 후보 울산 현대중공업 출근길 유세 이어가
894, 헤럴드 안경을 고쳐쓰는 이태규 국민의당 총괄선대본부장
895,부산에서 지지자에게 인사하는 이재명 대선후보
896, 윤석열 안보 단순무식 이재명 외교 결례 
897,대장동 배수구 문건 실물 공개하는 국민의힘
898,박근혜 지지단체 총연합 지지선언 좌파정권 끝장낼 후보 
899,지지연설 단상에 올라선 
900,불자들과 인사 나누는 이재명
901,이재명 후보 울산 유세
902,이태규 손 내밀었다가 손목 잘려 단일화 협상 공개 비판
903,윤석열에게 표를
904,안철수 정치보복 안한다고 대국민 선언하자 후보들 반응은 차 토론 
905,실물 공개되는 대장동 배수구 문건
906,포항 찾은 이재명 대선후보
907,윤석열 에 참여 필요 심상정 전략적 균형 무너져 
908,윤석열 강원도의 힘 
909,윤석열 시 단일화 결렬 통보 그래도 기다릴 것 
910,지지 연설 이어가는 윤석열 대선후보
911, 년 동안 민주당처럼 썩고 무능한 방탄정권 처음 봐 현장 
912,대구서 지지 호소하는 이재명 후보
913, 대통령 부도덕하면 국민 파탄 도덕성 신뢰하나 
914,변희수 하사 주기 추모식에서 헌화하는 심상정 후보
915, 윤핵관 단일화 협상 과정서 재등장 민주당 국민 우롱 
916,죽도시장 상인들과 인사 나누는 윤석열
917,이재명 우크라가 러시아 자극 지적에 표현력 부족했다 
918, 지역위원장 소집한 이재명 저부터 낮은 자세로 최선 
919,이재명 응원하는 지지자들
920,환한 얼굴의 이재명
921,지지자 향해 인사하는 이재명 대선후보
922,똑같나요 
923,꽃다발 받은 이준석 대표
924,윤석열 정치보복은 사익 위한 것 사익 좇은 적 없다 
925,윤호중 윤석열 윤핵관 꽁꽁 숨기느라 얼마나 힘들었나 
926,지지 연설 이어가는 윤석열 대선후보
927, 대선 흔들리는 텃밭 호남 지지층 결집 비상
928,합의하고 돌아서면 결렬 측이 공개한 단일화 물밑협상 주
929, 러시아의 우크라 불법 침략 규탄 결의안 추진
930,윤석열 외가 강릉 표심 잡기
931,이재명 정치보복을 공언 몰래 해야지 이준석 누굴 이낙연 혹 나 
932,어린이들로부터 선물 받은 이재명 대선후보
933,파주에서 드라이브인 유세하는 이재명 대선후보
934,지지자들과 인사하는 이재명 대선후보
935, 도움준 건 제가 성남시장 했나 또 불거진 대장동 공방
936, 현장 윤석열 민주당 열흘 남기고 정치개혁 개헌 운운 사기꾼들 
937,창원에서 지지자에게 인사하는 이재명 대선후보
938,이재명 표심 호소
939, 전권대사 개념 없어 단일화 시한종료 선언 
940, 정치개혁으로 빅텐트 중도층 끌어안기 승부수
941, 여론 후보 도덕성 자질 심각 차기 최우선 과제 경제 
942,이재명 경주 황리단길 자전거 유세
943,이재명 대선후보 빌릴 머리라도 있어야 직격 
944,대장동 배수구 문건 실물 공개
945,윤석열 민주당에 나라 맡기는 건 늑대에게 어린 자녀 맡기는 것 
946,윤석열 이어령 한국 문화계 거인 뜻 받들어 문화강국 만들 것 
947,창원서 노마스크 연설하는 이재명
948,시민들과 악수하는 안철수
949, 대 대선 선상투표 내달 일 척에서 실시
950,윤석열 오늘 유세 전격 취소 호남 간 과 단일화 담판 시도 종합 
951,민주당 전북도당 문용주 전 국회도서관장 영입
952,이재명 사드 배치 어디에 시민 아크로비스타 신천지 
953, 완주 안철수 지지표 에 뭉칠까 으로 흩어질까
954,국힘 이재명 우크라이나 두번째 조롱 후보 자격도 없다 
955, 한미일 동맹 발언 맹폭 역사 이해 부족한 발상 
956,송영길 대통령 가장 잘못한 건 검찰총장에 임명한 것 
957,이재명 후보님 사랑해요 힘내세요 
958,이재명 부울경 메가시티 완성 위해 
959,환호하는 윤석열 지지자들
960,이재명 이어령 전 장관 빈소 조문 존경하던 분 안타까워 
961, 쿡 찾은 이재명 어려운 약속이라도 공약은 반드시 지킬 것 
962,지지 호소하는 심상정 후보
963,울산 찾아 표심 호소하는 이재명
964, 현장 이재명 대구서 대통령 직속 남부수도권 추진 두고 직접 챙길 것 
965,광장시장 찾아 지지 호소하는 내외
966,이재명 이명박 전 대통령 사면은 안하는 게 맞다고 생각 차 토론 
967,윤석열 오늘 당사서 기자회견 단일화 입장 표명
968, 측 토론회 사회자 편파진행 엔 답변준비 시간 호의 
969,이태규 후보간 만남 조건 진솔한 사과 협상 공개 회견은 모순 
970,윤석열 모라토리엄 깨는 건 시간문제 힘 통한 평화 
971,선의로 내민 손 잘려 이태규 국힘 단일화 일지 공개 비판
972,빙하 타고 온 둘리 안중근이 나라 팔았나 최고조 달한 신경전
973,단일화 결렬에 윤석열 희망 놓지 않겠다 안철수 시한 종료 
974,원희룡 대장동 배수구 문건 실물 공개
975,국민의힘 제주 홍보물 훼손 강력 규탄 신속 수사 촉구 
976,활짝 웃는 이재명
977,순천 찾아 지지 호소하는 안철수 후보
978, 선거날 확진자 수십만명 발표 언급에 가짜뉴스 퍼트려 종합 
979, 포토 공개된 대장동 배수구 문건
980,포항 유세서 연설하는 이재명 대선후보
981,윤석열 후보 정권교체 
982,삼일절 앞두고 태극기 흔드는 이재명 대선후보
983,손들어보이는 이재명
984,심상정 후보 변희수 하사 주기 추모제 헌화 
985, 누구 손 들어줄까 정권교체론 높지만 투표율이 문제
986,마이크 받는 이재명 후보
987, 기호 번 이재명 지지해주세요 
988,유시민 윤석열 젠더 갈라치기 관심 받았으나 대가 따를 수도 
989,권성동 윤핵관이라 자랑스러워 새 윤핵관은 이철규 
990, 단일화 뒤로 한 안철수 대선 가도 첫 전북 택했다
991,강릉 중앙시장 찾은 심상정
992,윤석열 정치보복은 사익 위한 것 사익 좇은 적 없다 
993,유권자들과 소통하는 이재명
994,민주 대장동 민간이익 걱정 보도에 사실무근 유감 
995,더불어민주당 긴급 의원총회 열어
996,황리단길에서 자전거 유세 선보이는 이재명
997, 속보 윤석열 장제원 의원이 단일화 전권대리인 측도 동의 
998,단일화 결렬 기자회견 마친 윤석열 후보
999, 정치개혁 대장동 건건이 격돌 단일화 신경전도 종합 보 
1000,윤석열 오늘 경북 유세 돌연 취소 과 단일화 담판 시도
1001,안철수 목포 일정 예정대로 소화 뜻 따라 국민통합 완수 
1002, 속보 윤석열 지금이라도 시간 장소 정해주면 찾아뵐 것 
1003,이재명 대선후보 포항에서 엄지 척 
1004,정의당 정치개혁안 당론 채택에 구체적 계획 밝혀야 
1005,이재명 대선후보 부산서 두 팔 번쩍 
1006, 포토 단일화 결렬 다시 유세장으로 향하는 윤석열 국민의힘 대선후보
1007, 윤석열차 이준석 이재명 평화 내세우며 비겁 우크라이나 차 가해 
1008,표심 구애하는 이재명
1009,실물 공개된 대장동 배수구 문건
1010,이재명 정치교체 저의 주장 안철수의 꿈 심상정의 소망 
1011,안전모와 용접장갑 손에 든 이재명
1012,우크라 침공에 미사일까지 여야 안보표심 공방 격화
1013,기념사진 찍는 이재명 대선후보
1014, 포토 단일화 결렬 알리는 윤석열 후보
1015,이재명 우크라 대통령 폄하 아닌 윤석열 지적 진중권 나쁜 사람 
1016, 대선 선관위도 비상 일부터 여론조사 블랙아웃 일 사전투표
1017,지지자와 인사하는 이재명 대선후보
1018,권성동 의원과 함께 지지 호소하는 윤석열 후보
1019, 포토 윤석열 지금이라도 회동 시간 날짜 정해 달라 
1020,안철수 윤석열 단일화 담판 생각 않고 있다 경선하면 모를까 
1021,이재명 후보 경주 유세 
1022, 뉴스초점 이틀째 만명대 확진 월부터 확진자 가족 격리면제
1023,김포에서 인사하는 이재명 대선후보
1024, 다당제 전쟁 억제 정치개혁 피력
1025, 포토 국회 국방위원회 전체회의 참석한 서욱 정석환
1026,이재명 북 무력 도발 용납될 수 없는 긴장 조성 행위 
1027,양산 간 이재명 대통령 돌아오실 곳 정치보복 안 돼 
1028, 표 가치 높아진다 초박빙 대선 투표율도 관심 정치쫌 
1029,이태규 협상전말 공개 책임회피 위해 어떤 짓도 할 세력임을 증명 
1030,안철수 단일화에 담판 생각 안해 경선이면 모를까 
1031,박수치는 윤석열 대선후보
1032,권은희 국당 민주당 밀약 음모론 채증 중 법적 책임 묻겠다 
1033,이재명 유세 듣는 시민들
1034, 민주운동 기념탑 참배하는 김부겸 총리
1035,이재명 경주 황리단길 자전거 유세
1036,안철수 정치보복 안한다고 대국민 선언하자 후보들 반응은 차 토론 
1037,윤석열 이재명 추미애 우크라이나 대통령 비하 발언에 해외서 비난 
1038,울산 찾아 표심 잡기 나선 이재명
1039,이재명 대선후보 포항 유세현장
1040, 측 토론회 사회자 편파진행 엔 답변준비 시간 호의 
1041,이재명 후보 부산 민심 향해 
1042,홍준표 러 우크라 침공에 비핵국가의 설움 
1043,지지 호소하는 윤석열 후보
1044,창원 유세 나선 이재명
1045,이재명 북한 도발 규탄 경거망동 중단하라 
1046, 포토 원희룡 김은혜가 공개한 대장동 배수구 문건
1047, 고창 유세 시장 상인과 인사하는 안철수 후보
1048,윤석열 대리인 합의했으나 오늘 결렬 통보 희망의 끈 안놔 
1049, 여론 후보 도덕성 자질 심각 차기 최우선 과제 경제 
1050, 현장 포항서 박태준 리더십 언급한 경주서는 자전거 유세
1051,강릉 찾아 지지자들 손 잡아주는 윤석열
1052, 뒷북경제 경제는 심리 라지만 도그마에 빠진 경제 관료
1053,주말 잊은 이재명의 지지 유세
1054,안보관 정면 충돌 난폭한 초보정치인 유약한 안보관 
1055,울산 유세 마친 이재명
1056, 현장 윤석열 민주당 공약들 늑대의 아이들 유혹에 불과 중요한 건 실천 
1057,윤석열 오후 시 당사에서 긴급기자회견 단일화 입장 밝힐 듯
1058, 방위 개선비 증가율 역대 최고 선거 개입 
1059,이재명 송영길 어깨동무 깐부
1060, 유세 전격 중단 과 단일화 시도 나선 듯 측 일정 계속 상보 
1061,주먹인사하는 송영길과 윤호중
1062, 의 선거직전 도발 관련 자료 바라보는 서욱 장관
1063,안철수 윤석열 단일화 담판 생각 않고 있다 경선하면 모를까 
1064,민주당은 쾌재 윤석열 사실상 단일화 포기 선언 
1065,윤석열 박근혜 판결 평가 옳지 않아 심상정 말 못하고 쩔쩔매 
1066,목동서 지지 연설 나선 윤석열
1067,창원 유세하는 이재명
1068,이낙연 결사항전 우크라이나 대통령과 용감한 국민들께 경의 
1069,박근혜 지지단체 총연합 지지선언 좌파정권 끝장낼 후보 
1070,김총리 다른 삶 공간처럼 학교 유지돼야 
1071,이태규 국민의당 선대본부장 단일화 결렬 관련 긴급 기자간담회
1072,중앙선거대책위원회의에서 발언하는 윤호중
1073,고양에서 지지자에게 인사하는 이재명 대선후보
1074,환호하는 윤석열 지지자들
1075,단일화 협상 관련 기자회견하는 윤석열 후보
1076,포항에서 이재명 지지 연설하는 송영길 대표
1077,의원총회 개최한 더물어민주당
1078,단상 오르는 윤석열
1079,이재명 기초연금 월 만 원으로 인상 어르신 소득보장 확대 
1080,윤석열 서울 구로구 유세
1081, 포토 윤석열 안철수와 전날 단일화 합의했지만 오늘 오전 시 결렬 통보받아 
1082,박종성 전 양주시 기획행정실장 출판기념회 성료 
1083, 대선 울산지역 여야 선대위 주말 집중유세 총력 
1084,대선 살얼음판 박빙 벼랑 끝 총력전 예고
1085,민주 내일 저녁 긴급의총 다당제 정치개혁안 당론 채택
1086,우상호 한미일 동맹 해명에 이 사람들이 국민을 바보로 아나 
1087, 민심은 어디로 향할까 
1088, 오늘의 주요일정 정치 월 일 일요일 
1089,당사 도착한 윤석열
1090,누구 말이 맞나 이 결렬 통보 국민경선 비논의 도의 아냐 
1091,이준석 대표와 함께 죽도시장 찾은 윤석열
1092, 다당제 제도화 이재명 김종인 영입 나섰다 외연확장 승부수
1093,심상정 권력 한푼도 사익에 써선 안돼 대구서 동시 공격
1094,중앙선거대책위원회의에서 발언하는 윤호중
1095,윤석열 후보 강원 속초 유세
1096,부산 표심 호소하는 이재명
1097,민주당 정치개혁 국민통합정부 향해 
1098,물 마시는 이재명 후보
1099,은평 충암고 출신 중앙정부가 은평 발전 화끈하게 밀어줄 것 
1100,이태규 손 내밀었다가 손목 잘려 단일화 협상 공개 비판
1101,어린이에게 꽃다발 받는 이재명 대선 후보
1102, 단일화 사실상 무산 측 책임공방 지속
1103,손인사 하는 
1104, 과보호가 일자리 막는다 국책 의 일침
1105, 현장 이재명 창원서 홍준표 무상급식 폐지 성남과 비교돼 덕 봤다 
1106,공수처 존폐 여부에 윤 안 폐지해야 이 역량 키워야 
1107,윤석열 민주당 운동권이라 북한 도발을 도발이라 말 못해 
1108,창원 상남분수광장 유세 나선 이재명
1109,원희룡 선대본 정책본부장 대장동 배수구 문건 실물 공개 기자회견
1110,창원 연단 오르는 이재명 후보
1111,이재명 국민승리 
1112, 장모 동업자 감옥 보내고 억 수익 거짓 자료 
1113,윤석열 민주당 정권이 한 미동맹의 굳건한 뿌리 제거하고 있어 
1114,부산 유세장에 도착하는 이재명 대선후보
1115,원희룡 정민용 이재명에 대장동 독대 보고 사실 아냐 
1116,이준석 장제원 이번엔 윤핵관 아니었다 책임 맡아 자연스럽게 등장 
1117,자전거 유세차 타고 지지 호소하는 이재명 후보
1118,윤석열 차 토론서 집중 포화받고 좋은 일이다 
1119,윤석열 이재명 오차범위 접전 리얼미터 
1120,시민들에게 응원 받는 이재명
1121,이재명 대선후보 연설 듣는 창원 시민
1122,이재명 지지 연설에 한데 모인 시민들
1123,김포 아이들과 기념사진 찍는 이재명
1124,포항에서 연설하는 윤석열 후보
1125,이재명 대선후보 연설 듣는 유권자
1126,전남 여수서 유세 이어가는 안철수 후보
1127,용접공 장갑 선물 받은 이재명 후보
1128, 첫날 사전투표 계획 멍청한 거짓말 정권에 국민 고생 없게 할 것 
1129, 한미일 동맹 발언 맹폭 역사 이해 부족한 발상 
1130,박근혜 지지단체 총연합 지지선언 좌파정권 끝장낼 후보 
1131,단일화 협상 관련 기자회견 마치고 차량에 오르는 윤석열 후보
1132,지지자들에게 인사하는 안철수
1133,소상공인 자영업자 정책 건의안 받는 이재명 후보
1134,주한 우크라 대사 이재명 논란 발언 기사 트위터 공유
1135, 속보 윤석열 국민 열망인 정권교체 위한 야권통합 희망의 끈 놓지 않을 것 
1136,윤석열 이재명 오차범위 접전 리얼미터 
1137, 포토 원희룡 대장동 배수구 문건 실물 공개
1138,이재명 민심에 호소
1139, 한반도에 일본 개입 허용 에 유사시 들어올 수 있지만 종합 
1140,지옥철 제가 해결하겠다 이재명 김포 찾아 지지호소
1141,정성호 역대 초유 초박빙 승부 조금 오른다고 자만하면 진다 
1142,전북 고창 찾은 안철수
1143, 이재명이 대통령이 된다면 
1144,조수진 선관위 선거 현수막 판단 묻지마 깜깜이 
1145,다음주가 대선인데 와 충돌 불사하는 대통령 무슨 이유
1146,원희룡 고속도로서 대장동 문건 입수 국민 희룡 말라 
1147,국회의원 징계안 관련 보고
1148, 누빈 이재명 진정한 정치교체 다신 정치보복 안 돼 
1149,민주 정치개혁안 당론 채택 이재명 실천으로 보여드릴 것 종합 
1150, 토론 정치보복 하지 말자 끄덕 
1151, 포토 원희룡 대장동 배수구 문건 실물 공개
1152,이재명 간절한 호소
1153,포항서 지지 호소하는 이재명 후보
1154,옛 친박계 이정현 지지 공정과 용기 강단 있는 지도자 
1155,이태규 국힘 안철수에 이중플레이 이미지 씌워 
1156,단일화 입장 표명하는 윤석열 후보
1157, 속보 과 단일화 결렬 이유 알 수 없어 특별한 이유 없다는 답 받아 
1158,윤석열 권성동과 함께
1159,안철수 목포 일정 예정대로 소화 뜻 따라 국민통합 완수 
1160,어린이에게 꽃다발 받는 이재명 대선 후보
1161,단일화 떠나보낸 측 자구도 전략 짠다 단일화 필수적 아냐 
1162,취재진 질문에 답하는 윤석열 후보
1163, 에 책임 돌린 권한 많은쪽 책임 민주당 밀약설 엔 허위사실 
1164,대구 찾은 이재명 통합 정치 이루겠다 
1165, 윤석열 위험한 안보관 질타한 것 우크라 책임론 발언 해명
1166,전쟁반대 외치던 여학생 폭행 방관 국힘당 규탄한다 
1167, 단일화 시도 관측에 들은 바 없다 립서비스 도리 아냐 
1168,두 손 들어올리는 이재명 대선후보
1169, 주먹 쥐고 유세활동 하는 안철수 후보 
1170, 쿡 찾은 이재명 어려운 약속이라도 반드시 지켰다 
1171, 단일화 시도 들은 바 없다 계속 립서비스는 도의 아냐 
1172, 속보 윤석열 국민 열망인 정권교체 위한 야권통합 희망의 끈 놓지 않을 것 
1173, 윤석열 장모 동업자 감옥행에 땅 팔아 억 차익 금액 계산 잘못 
1174,여의도 당사 들어서는 윤석열
1175,이재명 어르신 공약 발표 기초연금 월 만원으로 인상 
1176, 지지자 유세장서 여성 폭행 영상에 또 야만적 행태 
1177,시민들과 주먹인사하는 이재명 대선후보
1178,야권 단일화 질문에 답하는 안철수 대표
1179,용접공 장갑 선물 받고 발언하는 이재명 후보
1180,윤석열 대선후보 브이자 그리며 
1181, 포토 당사 들어서는 윤석열 국민의힘 대선후보
1182,윤석열 대선후보 포항 찾아 지지 호소
1183, 국민경선 입장 표명 없어 단일화 고려할 가치 없다 
1184, 찾아 고개 숙여 인사하는 이재명
1185,지지 호소하는 이재명 대선후보
1186, 자위대 발언 맹폭 천박도 부족 국민 바보로 아나 
1187,대구서 유세 펼치는 이재명 후보
1188,이재명 기초연금 만원 상향 부부 감액제 폐지 
1189,이재명 대선후보 창원유세
1190,이재명 대선후보 노무현 전 대통령의 손자와 함께 두 팔 번쩍 
1191,응원하는 지지자들
1192,연설하는 이재명
1193,안철수 단일화 무산에 겨냥 권한 많은 사람이 책임 커 
1194,이재명 대선 승리 향해
1195,이재명 한 번 가입으로 시도 내 모든 공공도서관 도서 대출 반납 
1196, 내일 긴급의총 이재명표 정치개혁 당론 추인
1197,이재명 대선후보 연설 듣는 포항 시민들
1198,이재명 부산 품격있는 글로벌 해양도시 
1199,변희수 하사 주기 고인 군복 어루만지는 심상정 대선후보 
1200,우크라이나 사태 현안 보고하는 서욱 국방부 장관
1201,단일화 떠나보낸 윤석열 후보 강원 속초 유세 
1202,양천구 지지자들에게 인사하는 윤석열
1203,국힘 내일 저녁 긴급의총 단일화 등 대선전략 점검
1204,환한 얼굴의 이재명
1205, 현장 소년공 이재명 울산 찾아 노동이 존중 받는 세상 강조
1206,대구서 유세 펼치는 이재명 대선후보
1207,민주당 미사일 발사 강력 규탄 긴장 조성 행위에 강한 유감 
1208,이재명 파주서 드라이브인 유세 밤엔 이수역 힐링콘서트 
1209,윤석열 후보 강원 민심을 잡아라 
1210,이재명 이명박 전 대통령 사면은 안하는 게 맞다고 생각 차 토론 
1211,윤석열 강릉 어퍼컷 
1212,이재명 위기에 강한 경제대통령
1213,자전거 유세차 타고 지지 호소하는 이재명 후보
1214, 속보 윤석열 오늘 아침 시 에게 최종 단일화 결렬통보 받아 
1215,보수 표심 구애하는 이재명 후보
1216,호남 간 안철수 업적 평가 국민 통합하신 대통령 
1217,포항 시민들에게 인사하는 이재명 후보
1218,권성동 윤석열 사람에 충성하지 않아 윤핵관 자랑스럽다 
1219,이재명 집중 유세 윤석열 강원에서 지지 호소
1220,이재명 대선후보 고양 집중 유세
1221,지지 호소 연설 이어가는 안철수 후보
1222, 최대 승부처 수도권서 민주당 년간 완벽하게 실패 종합 
1223, 정치개혁 국민통합 빅텐트 마련 정의당 선거용 의혹 진정성 의심 
1224, 이재명 우크라 발언 직격 우리가 자극해 식민지 됐나 
1225, 토론 윤석열 오히려 평화 위협 이재명 안보 하책 
1226, 영상 단일화 결렬 협상의 민낯 공개한 떠넘기는 모습 만 부각
1227,경기 지역 공약판 들어보이는 이재명
1228, 포토 취재진 질문에 눈 감은 윤석열
1229,심상정 후보 고인을 기리며 
1230, 단일화 뒤로 한 안철수 대선 가도 첫 전북 택했다
1231,당사 도착한 윤석열
1232, 만원 매표행위 라던 윤석열 당선되면 자영업자 최대 만원 
1233,민주당 겨냥 다당제 정치개혁 찬성하는 세력 모두 함께 하자 
1234,안철수 이재명 윤석열 도덕성 신뢰하나 자격있는 사람 선택해야 
1235,심상정 페미니스트 대통령인지 아닌지 답하라 
1236,광장시장 찾은 안철수 부부
1237,이재명 부산 서면 찾아 연설
1238,이재명 러시아 침공 우크라이나 대통령 때문 이준석 일본 침략도 정당했나 
1239, 헤럴드 발언하는 더불어민주당 이낙연 총괄선대위원장
1240,협상 무산 네탓 공방 멀어지는 단일화
1241,안철수 윤석열 단일화 담판 생각 않고 있다 경선하면 모를까 
1242,제주 평화공원 찾은 심상정 대선후보
1243, 속보 윤석열 장제원 의원이 단일화 전권대리인 측도 동의 
1244,초박빙 혼전에 단일화 무산 대 대선 오리무중 
1245,윤석열 이재명 연이어 만난 김동연 갈 길 간다 완주 의지
1246,강릉 찾아 유세하는 윤석열
1247,윤석열 후보 단일화 결렬 
1248,지지자들에게 사인 해주는 안철수
1249,당사 나서는 윤석열 대선후보
1250, 초보 정치가 전쟁 불러 종이 협약서로 평화 못지켜 
1251, 유세 취소한 윤석열 오후 시 기자회견
1252,변희수 하사 주기 추모식에서 묵념하는 심상정 후보
1253,윤석열 이재명 연이어 만난 김동연 갈 길 간다 완주 의지
1254,안철수 전북 표심 공략
1255,권성동과 강릉 시민들에게 인사하는 윤석열
1256,윤석열 민주당 정권 한미동맹 굳건한 뿌리 제거 
1257, 뒷북경제 경제는 심리 라지만 도그마에 빠진 경제 관료
1258,부산 찾은 이재명 대선후보 지지자 운집에 셔츠 차림으로 
1259, 측 만나자고 해 들어보자고 만난 것에 불과 고려할 가치 없다 결론 내려 종합 
1260, 민주당이 키운 윤석열 부족했고 오만했다 
1261,인사 나누는 권영세 선거대책본부장과 원희룡 정책본부장
1262,윤석열 유세현장에 나타난 태극기와 우크라 국기
1263,윤석열 후보 양천구 목동서 유세
1264, 겨냥 일본군 진입 헌법 알고 얘기하나 서욱 그런 개념 없어 
1265,이재명 과학기술 일류강국 좋은 일자리 만개 만들 자신 
1266,부산에서 지지호소하는 이재명 대선후보
1267, 년 전엔 지구 한 바퀴 집토끼 우선 산토끼 먼저 
1268,윤석열 방역패스 완전 철폐 방역지원금 최대 만원 
1269,전쟁반대 외치던 여학생 폭행 방관 국힘당 규탄한다 
1270,안철수 후보 국민통합과 국가대개혁 과제 완수하겠습니다 
1271, 러시아의 우크라 불법 침략 규탄 결의안 추진
1272,윤석열 후보를 향해
1273,안철수측 단일화 협상 공개 반발 이중플레이 정치 도의 어긋나 
1274, 단일화 결렬 통보 화답 기다리겠다 
1275, 통합의 정치 이재명 주장이고 안철수의 꿈이자 심상정의 소망 
1276,이재명 보러 몰린 인파
1277, 속보 정은경 전문가들 월 일 확진 만명 중환자 명 전망 
1278,안철수 후보 지지 호소하는 부인 김미경 교수
1279, 대선 중반 모두 포위론 띄웠지만 틈새가 보인다
1280,윤석열 강릉 유세 어퍼컷 세리머니
1281,울산서 용접공 장갑 선물 받고 발언하는 이재명 후보
1282,정치분야 토론 권력구조 개편 안보관 격돌
1283,파주서 지지 호소하는 이재명 후보
1284,정순택 천주교 대주교 만난 새로운물결 김동연 대선후보
1285,꽃다발 받는 윤석열
1286, 포토 우크라이나 사태 관련해 현안 보고하는 서욱 국방부 장관
1287,토론 마친 안철수 단일화 담판 생각 않는다 재차 강조
1288, 지지자와 사진 찍는 안철수 후보 
1289, 포토 원희룡 대장동 배수구 문건 실물 공개 
1290,시민들과 주먹인사하는 이재명 대선후보
1291,선거 유세 떠나는 윤석열 대선 후보
1292,강릉 커피거리 방문한 심상정 후보
1293,심상정 변희수 기일 맞아 대선 후보 중 저만 기억 
1294,경찰직장협의회 대선후보들에 기본급 출동수당 상향 건의
1295,겉옷 벗는 이재명 날씨가 따뜻하네 
1296,우크라 사태에 소집된 외통위 산자위 대선 대리전 방불
1297,캘리그라피 들어보이는 이재명 대선후보
1298,윤석열 방역패스 완전 철폐 방역지원금 최대 만원 
1299,제주서 윤석열 후보 벽보 사라져 국힘 신속히 수사해야 
1300,서울 종로 재 보궐선거 출마한 세 후보들
1301,신원식 정경두 국방장관 멍청 희대의 엉터리 소리 
1302,이재명 역사를 담은 경주에서 미래를 연다 경주 유세
1303,안철수 단일화 협상 시한 이미 종료 완주 의지 재확인
1304,윤석열 후보 유세 단상만 덩그러니 단일화 협상 가능성 
1305,피켓 들고있는 이재명 대선후보 지지자
1306,국방위 오늘 전체회의 소집 탄도미사일 우크라 현안질의
1307,대구에서 지지호소하는 이재명 대선후보
1308,이재명 후보 파주서 평화로 드라이브 인 유세 
1309,안철수 준공 년 넘은 아파트 무료 안전점검 실시 주거 안전 보장 
1310,윤석열 후보 강원 민심에 호소
1311,권은희 국당 민주당 밀약 음모론 채증 중 법적 책임 묻겠다 
1312, 대선 말말말 빌릴 머리라도 있어야 정권교체 물타기 
1313,권은희 윤석열 기자회견 단일화 책임 회피 위한 것 
1314,안철수 의 대한민국 알고 뽑나 김미경 남편 여러분께 드린다 
1315,지지자들에게 인사하는 이재명
1316, 마크맨들의수다 성적표 받아 든 후보들 토론 누구 
1317, 대선 흔들리는 텃밭 호남 지지층 결집 비상
1318,윤석열 자영업자 시간 영업하고 방역패스 폐기되어야 
1319, 총력전 나선 이재명 후보
1320,안철수 정치보복 안한다고 대국민 선언하자 후보들 반응은 차 토론 
1321,윤여준 법륜 등 원로 인사들 통합내각 개헌 등 제안 논의
1322,이재명 대선후보 창원에서 지지 호소 
1323,이재명 윤석열 수도권 맞불 유세 안보관 등 격돌
1324,태극기 흔드는 이재명 후보
1325,국가 안보 희생에 특별 보상 민주당 강원 안보정책 회견
1326, 일본군 한반도 진주 취지 충격적 국힘 허위 억지 
1327,단일화 떠나보낸 측 자구도 전략 짠다 단일화 필수적 아냐 
1328,고양 유세장 도착한 이재명 대선후보
1329, 이어령 전 장관 유족 위로하는 이재명
1330,윤석열 민주당이 통합 정부 국민통합은 제가 할 것 
1331,여수 찾은 안철수
1332,안철수 목포 일정 예정대로 소화 뜻 따라 국민통합 완수 
1333, 포토 국회 국방위원회 전체회의 참석한 서욱 정석환
1334,윤석열 후보 지지
1335,이재명의 울산 표심 잡기
1336,용접장갑 손에 낀 이재명 대선후보
1337,창원 찾아 손인사 하는 이재명 대선후보
1338, 시장이 그림 그리며 천억만 녹취록 공개 공공환수 노력 
1339,윤석열 단일화 결렬 통보 희망의 끈 놓지 않을 것 종합 
1340,의원총회 발언하는 송영길 더불어민주당 대표
1341,이재명 정치보복은 몰래 이준석 어디다가 문재인 김기현 
1342,경주 유세 연설하는 이재명 후보
1343, 윤석열 장모 동업자 감옥행에 땅 팔아 억 차익 금액 계산 잘못 
1344,국방위 전체회의 출석한 서욱 국방부장관
1345, 윤핵관 재등장 국민 우롱하고 기만해 
1346,종이배 받아든 윤석열
1347, 포토 모두발언하는 이낙연 더불어민주당 총괄선대위원장
1348, 대통령은 도덕성 가장 중요 모든 후보 중 가장 자신있어 
1349,대구 시민들에게 엄지 척 보내는 이재명
1350, 도발이라 말하지 못해 운동권 정권이라 그런 것 
1351, 포토 질의에 답하는 서욱 국방부 장관
1352, 남부수도권 실현위원회 출범 직접 위원장 맡는다
1353,윤석열 이재명 세력에 기 못펴는 민주당 훌륭한 분들과 협치 
1354,송 대표 지지연설 엄지척 
1355, 배우자 법카 횡령 아닌가 제게 여쭐 일 아냐 
1356,이재명 대선후보 포항 유세
1357,미묘한 삼각관계 이재명 안철수엔 러브콜 윤석열엔 맹비난 
1358,윤석열 선거 코앞 정치개혁 쇼 정권교체 물타기 사기 
1359,열정적 율동도 좋지만 후보는 어디에 
1360, 단일화 결렬 통보 
1361, 찾은 이재명 통합의 정치로 평화대통령 경제대통령 되겠다 
1362,국민승리 이재명 후보 고양 유세
1363,정순택 천주교 대주교 만난 새로운물결 김동연 대선후보
1364,국민의힘 대장동 보따리 문건 공개 억원 허위 주장
1365,방역패스 일시 중단에 결단 환영 늦은 감 없지 않아 
1366,자전거 타고 지지 호소하는 이재명 후보
1367,삼일절 앞두고 태극기 흔드는 이재명
1368,이준석 백신패스 폐지 공약에 정부 입장 돌변 
1369,장성민 이재명 우크라 대통령 비하 발언 푸틴 대변인인가 
1370,흑두루마기와 태극기 선물받는 이재명
1371,윤석열 이것이 강원도의 힘 
1372,윤석열 에 일 전화 통화는 불발 주말 만남 성사될까
1373, 경찰청장 차관급 장관급 상향 검경수사권 재조정 없다 
1374,이재명 거론 통합정부 참여해 새로운 정치하는게 중요 
1375, 헤럴드 발언하는 국민의힘 김은혜 공보단장
1376,창원 유세 나선 이재명
1377,윤석열 후보 강원 속초 유세
1378,구미 간 이재명 나는 강력한 추진력 박정희 닮았다 
1379,문자까지 공개하며 책임 전가 윤석열 안철수 단일화 파국 수순
1380,고양 집중유세 나선 이재명 대선후보
1381, 찾아 고개 숙여 인사하는 이재명
1382, 현장 부산서 힘 받은 이재명 팔 걷고 준비됐나 외치자 됐다 
1383,울산에서 지지자에게 인사하는 이재명 대선후보
1384, 드라이브 스루 형태로 진행되는 유세
1385,강릉 찾아 지지 호소하는 윤석열
1386, 포토 국민의힘 선거대책본부 전체회의 열려
1387, 이재명 대장동 민간사업자 이익 걱정 보도 사실 아냐 
1388, 포토 성일종 국민의힘 간사와 인사 나누는 서욱 국방부 장관
1389,지지선언 청년들과 기념촬영하는 이재명 대선후보
1390, 대 대선 선상투표 내달 일 척에서 실시
1391,국민의힘이 공개한 대장동 배수구 문건 실물
1392,나경원 전 의원 제주 찾아 윤석열 후보 지지 호소
1393,통합 위해 정치교체 정권교체가 정치개혁 
1394,안보 위해 열린 국회 국방위서 대선전 펼친 여야
1395,송영길 잘 부탁드리겠습니다 
1396, 땐 전화땐 
1397, 오차범위 내 초접전 리얼미터 
1398, 시대의 지성 이어령 초대 문화부 장관 빈소 조문하는 이재명
1399,송영길 민주당 대표 다당제 정치개혁 단순 선거용 아냐 
1400, 일 대선후보 토론 총 시청률 직전 토론 때보다 하락 시청률 
1401,윤석열 이재명 안철수 차 칸타코리아 
1402, 도발이라 말하지 못해 운동권 정권이라 그런 것 
1403,변희수 하사 주기 추모제 헌화하는 심상정 후보
1404,이재명 이명박 전 대통령 사면은 안하는 게 맞다고 생각 차 토론 
1405,이재명 에 친일 딱지 총공세 절 앞두고 국민에 사죄하라 
1406,삼일절 앞두고 태극기 흔드는 이재명 대선후보
1407,이재명 대선후보 유세에 모인 인파
1408,윤석열 방역지원금 만원 불충분 집권 즉시 만원 지원 
1409, 포항 시민여러분 이재명 입니다 
1410, 대선 선명성 높이는 심상정 여성 서민 노동층 껴안기 총력
1411,우상호 단일화 극적 합의돼도 큰 영향 없어 초접전 
1412,이재명 부울경 메가시티 완성 
1413,안철수 풀코스 마라톤 번 완주했다 호남서 대선 완주 뜻 강조
1414, 지지선언 문화예술인 만나 블랙 중에 블랙 될 가능성 있는데 
1415,대장동 배수구 문건 공개하는 김은혜 공보단장
1416, 원전 주력전원 활용 발언에 국힘 이채익 대선개입 주장
1417, 기호 번 안철수 인사드립니다
1418,심상정 유사시 들어올 수 있다 는 말에 경악 
1419, 다당제 제도화 이재명 김종인 영입 나섰다 외연확장 승부수
1420,심상정 후보 변희수 하사 주기 추모제 헌화 
1421,원희룡 선대본 정책본부장 대장동 배수구 문건 실물 공개 
1422, 파주서 드라이브인 유세 겨냥 이승만도 진입은 불허 
1423, 작년 전술핵 배치 공약 발표 문장 삭제했다 
1424,꽃다발 들어 올리는 이재명 대선후보
1425,이재명 후보 파주 유세
1426,대화하는 송영길과 윤호중
1427,윤석열 원전 발언 직격 잘못된 판단으로 허송세월 
1428,이재명 대선후보 창원에서 지지 호소 
1429,정치 안보 주제로 격돌한 대선주자들 싸울 필요 없는 평화 평화는 억지력 종합 
1430,윤석열 단일화 결렬 통보 희망의 끈 놓지 않을 것 종합 
1431,소년공 동료에게 캘리그래피 선물 받는 이재명 대선후보
1432, 포토 정영학 회계사 남욱 변호사 녹취록 발언 내용 공개하는 김은혜
1433,윤석열 후보 지지 호소하는 이준석
1434,목동 찾은 
1435, 일요와이드 이재명 부울경 표심 공략 윤석열 단일화 입장 표명
1436,윤석열 민주당 정권이 한 미동맹의 굳건한 뿌리 제거하고 있어 
1437,똑같나요 
1438, 통합의 정치 이재명 주장이고 안철수의 꿈이자 심상정의 소망 
1439,야권 단일화 관련 기자회견 마친 윤석열 대선 후보
1440,우크라 안보 설전 윤석열 신냉전 몰라 이재명 물귀신 작전 
1441,자전거 유세차 선보이는 이재명
1442,주먹 불끈 쥔 윤석열 대선후보
1443,윤석열 포항에서 다시 어퍼컷
1444,교착상태에 빠진 단일화에 부동층 공략 나서는 
1445, 민주운동 기념식서 묵념하는 김부겸 총리
1446,경북 영주 유세장 모인 시민들 윤석열 후보는 일정 취소 
1447,심상정 대구서 지하철 참사 유족 위로
1448,권은희 단일화 곰탕 더이상 안끓일 것으로 믿어 미련 갖지 마라 
1449, 포토 윤석열 후보 단일화 결렬 통보 화답 기다리겠다 
1450, 선거 열흘 전 개헌 운운하는 사기꾼들 믿지 마시라 직격
1451, 땐 전화면접땐 
1452, 출신 호남 공들이는 지역주의 허물 상징 숫자 나올까
1453,지지호소하는 이재명 대선후보
1454,안철수 후보 눈 감고 차분하게 
1455, 장모 동업자 감옥보내고 그 몫까지 억 챙겨 
1456,더불어민주당 의원총회
1457,변희수 하사 주기 추모제 헌화하는 심상정 대선후보
1458,정순택 천주교 대주교 만난 새로운물결 김동연 대선후보
1459, 장모 동업자 감옥 보내고 억 차익 날조된 마타도어 
1460, 오늘부터 투표용지 인쇄 윤석열 안철수 모두 남는다
1461, 공수처 폐지 역량 보강 고쳐도 안 되면 폐지 
1462,사전투표 투표율 높으면 유리 달라진 집중 독려 
1463,순천 찾은 안철수 김미경 부부
1464,부산서 지지 호소하는 이재명 후보
1465,양천구 목동서 지지 호소하는 윤석열 후보
1466,국민승리 이재명 후보 고양 유세
1467,윤석열 안철수 일단 오늘 담판 불발 단일화 헛바퀴
1468,주한 우크라 대사 이재명 대통령 초보 발언 공유
1469,지지자들과 시 낭송하는 이재명
1470,윤석열 에 일 전화 통화는 불발 주말 만남 성사될까
1471, 드라이브 스루 형태로 진행되는 유세
1472, 오늘의 주요일정 정치 정부 일 토 
1473,이재명 협치 제안 안 심 잡고 윤석열 때렸다
1474,김포서 노마스크 연설하는 이재명
1475, 배우자 리스크 없는 안철수 후보
1476,대구서 지지연설하는 이재명 대선후보
1477,단일화 결렬 기자회견 마친 윤석열 후보
1478,안철수 후보 지지 호소 
1479,당사 나서는 윤석열 후보
1480,정의당 대표에 자문위원 임명장 이준석 성평등자문위원 임명 맞불
1481,심상정 변희수 기일 맞아 대선 후보 중 저만 기억 
1482,광주 간 안철수 국민의당 바른정당 합당 사죄 제 생각이 짧았다 
1483,나란히 연단 오른 윤석열 이준석
1484, 속보 정은경 전문가들 월 일 확진 만명 중환자 명 전망 
1485,국민의힘 대장동 배수구 문건 실물 공개 
1486, 전권대사 개념 없다 단일화 시한 종료 
1487, 포토 윤석열 언제든 차를 돌려 안철수 직접 찾아뵙고 흉금 터놓고 싶다 
1488, 과 단일화 결렬 당사 나서는 윤석열 대선후보 
1489,답변하는 한병도 의원
1490,이재명 대선 후보 동대구역 유세에 몰린 인파
1491,이재명 부산 품격있는 글로벌 해양도시 
1492, 윤석열 안보 단순무식 이재명 외교 결례 
1493,고양 유세장 도착한 이재명 대선후보
1494,윤석열 이재명 우크라 탓 세계적 망신 대신 사과 
1495,윤석열 이재명의 민주당 주역 좌파 운동권 세력 
1496,심상정 후보 강릉 민심을 향하여 
1497, 공수처 폐지 고쳐보고 안되면 폐지 부족하지만 역량 키워야 
1498,여수 유세 마친 안철수
1499,안철수 김미경 이준석 안철수의 운명적 궁합 정기수 칼럼 
1500,이재명 선거운동원들 힘내세요
1501,속 타는 이재명
1502, 단일화 무산 책임론에 권한 많은 사람이 책임도 커 비판
1503,전남 여수서 유세 이어가는 안철수 후보
1504,윤석열 후보 다시 시작한 선거유세
1505,경주에서 지지자에게 인사하는 이재명 대선후보
1506,안철수 후보 지지 호소하는 부인 김미경 교수
1507,이재명 대구 유세 찾은 지지자들
1508, 선대위 김건희 작전주 의혹 사와 공동주관 전시 의혹 
1509, 뉴스 법정 토론 차전 정치 외교 개헌 사드 공방
1510,김포 어린이가 이재명에게 보낸 메시지
1511, 현장 이재명 대구서 대통령 직속 남부수도권 추진 두고 직접 챙길 것 
1512,권영세 단일화 어려워졌지만 통합 끈 놓지 않을 것 
1513,고민정 반말 인터뷰 서 이재명 첫인상 싫었지 
1514,이재명 자전거 타고 선거운동
1515,이재명 북한발 안보 불안 성장 기회로 만들 것 위기 극복 전문가 자신
1516,신원식 정경두 국방장관 멍청 희대의 엉터리 소리 
1517,달구벌 달구는 이재명
1518, 속보 협상테이블에 여론조사 논의 안 한 것은 도리 아냐 
1519, 헤럴드 사전투표 합시다 
1520,윤석열 강원 개 지역 훑는다 정권교체 표심 호소
1521,전남선관위 특정후보에 불리 신문 천 부 배부한 주민 고발
1522,이재명 에 친일 딱지 총공세 절 앞두고 국민에 사죄하라 
1523,이재명 등장에 달구벌 후끈 
1524, 측 측 신뢰 어려운 세력 뜻대로 안되자 입맛맞게 까발려 종합 
1525,심상정 선심성 예산 밀어붙이면서 차별금지법 은 동의 필요한가 
1526,동대구역서 지지 호소하는 이재명 후보
1527,선대본회의 참석하는 권영세 본부장
1528,윤석열 경북 구석구석 텃밭 다지기 이준석 동행
1529, 영상 진실게임 된 단일화 안철수 여론조사 협상테이블에 올렸다 
1530, 측 블랙리스트 겨냥 나중에 후회할 일 생기는 것 아닌가 
1531,광장시장 상인들과 인사 나누는 안철수 부부
1532, 일문일답 윤석열 협상과정에서 여론조사방식 이야기 나온 적 없어 
1533,전기자전거 타고 유세장 향하는 이재명 대선후보
1534,추미애 윤석열 원색비난 국민이 키웠다니 허위사실 공표 고발해야 
1535,한정애 장관 중국 환경장관과 화상 회담
1536, 방역패스 일시 중단 환영 당선 즉시 민생회복 프로젝트 
1537,대선 열흘 앞 동률 박빙 적극투표층도 초접전 종합 
1538, 토론회 시작에 앞서 
1539,윤석열 유세에 모인 지지자들
1540, 녹취구성 푸틴 우크라군에 권력장악 국가지도부 제거 촉구
1541,최기상 의원과 대화하는 한병도 윤리특위 민주당 간사
1542,주말 잊고 달리는 이재명
1543,더블어민주당 의원총회 개최
1544,이재명 대선후보 목 좀 축이고 
1545,투표용지에 나란히 단일화 공방속 인쇄기는 돌았다
1546,민주 내일 저녁 긴급의총 다당제 정치개혁안 당론 채택
1547,국민의힘 년 대장동 녹취록 추가 공개
1548,데드라인 넘기는 단일화 자 구도 부상에 판세 요동 
1549,울산 찾은 이재명
1550,원희룡 이재명 한마디로 입벌구 맹비난
1551,더불어민주당 긴급 의원총회
1552,이재명이 몸통 윤석열이 몸통 대장동 난타전 종합 
1553,울산서 용접공 장갑 선물 받은 이재명 후보
1554,파주에서 드라이브인 유세하는 이재명 대선후보
1555, 전술핵 배치 한번도 주장 안해 지난해 월 공약 팩트체크 
1556,안철수 전북서 유세전 심상정 강원 방문
1557, 대선 단일화 토론 말실수 따라 승자 갈린다
1558,연동형비례제 책임 공방 대선토론 대장동부터 핵억제까지 날선 설전 종합 
1559,여의도 당사 들어서는 윤석열 단일화 결단 
1560,단일화 결렬 알리는 윤석열 후보
1561,국힘 선거특보 임명장 분노 담아 반납 전 제주도의회 의장 등 명
1562,대권 레이스 일 혈전 대세론 없는 초박빙 격돌 종합 
1563,자료 보며 대화 나누는 윤호중 이용우
1564,송영길 대구서 지원사격 에 술꾼 바보 미친 사람 맹폭 종합 
1565,이재명 오늘 보수심장 유세 안동의 아들 지지 호소
1566,기념사진 찍는 이재명 대선후보
1567,선거 유세 떠나는 윤석열 대선 후보
1568, 참혹한 전쟁마저도 선거용 선전 선동 악용 부끄러움은 국민 몫 
1569,국민의힘 문 대통령 영남행 겨냥 관권선거 중단하라 
1570, 국회 윤리특위 소집할듯 윤미향 이상직 박덕흠 의결 추진
1571,이재명 찬조연설 싫어 찍으면 년 뒤 손가락 자르고 싶을 것 
1572,권영세 이 만나자면 차 돌려 가겠다는 것은 진심 
1573,이재명 경기대망론 들고 경기북부 공략 외손자도 등판 
1574, 남부수도권 실현위원회 출범 직접 위원장 맡는다
1575,어린이와 포옹하는 이재명 대선후보
1576,어린이들과 기념촬영하는 이재명 후보
1577,중앙선거대책위원회의 참석하는 이낙연과 윤호중
1578, 장모 동업자 감옥 보내고 억 수익 거짓 자료 
1579,윤석열 선거날 확진자 수십만 발표해 투표 막을 수도 
1580,종이배 받아든 윤석열
1581, 년 동안 민주당처럼 썩고 무능한 방탄정권 처음 봐 현장 
1582, 속보 윤석열 어제 저녁 안철수 사퇴 위한 명분 제공 요청 
1583, 정치보복 중단 대국민선언을 너무 당연 한목소리
1584,손 잡느라 바쁜 이준석 대표
1585, 속보 윤석열 과 단일화에 최선 어제 대리인들 최종 합의 
1586,이재명 대선후보 창원 표심 향해 
1587,열정적 율동도 좋지만 후보는 어디에 
1588, 단일화 결렬 포항 찾아 유세 재개한 윤석열 후보
1589,독자 완주 싸잡아 비판 번 도덕성 신뢰하냐 
1590,인천 시민들에게 꽃다발 받는 
1591,안철수 후보 유세는 계속 
1592, 막판 대 변수를 넘어라 단일화 실언 리스크 
1593, 대선 정권 재창출 심판론 초박빙 판세 속 운명의 열흘
1594,원우명부에 기재된 김건희 씨의 도이치모터스 이사 경력
1595,송영길 더불어민주당 대표 발언
1596,심상정 대선후보 고인을 생각하며 
1597, 뉴스 네탓 공방 속 대선 투표용지 인쇄 시작
1598,단일화 결렬 관련 긴급 기자간담회하는 이태규 국민의당 선대본부장
1599,심상정 비리 의혹 눈덩이 대통령 되면 진흙탕 정치 더 극심 
1600,권성동 윤석열 사람에 충성하지 않아 윤핵관 자랑스럽다 
1601,이재명 후보 대구 지지자들 향한 인사 
1602,사인하는 안철수
1603,광장시장에 안철수 뜨자 몰린 인파
1604,윤호중 자위대 망언에 국민 분노 천박하다는 말로도 부족 
1605,인천 검단 신도시 주민들 만난 윤석열
1606,포항 찾아 지지 호소하는 이재명
1607,이재명 대선 후보 대구 지역 유세
1608, 코드 내일부터 안찍는다 방역패스 잠정 중단
1609, 전문 그쪽도 결렬 이유 모르겠다고 언제라도 차 돌려 가겠다 
1610,국힘 대장동 녹취 추가 공개 그림까지 그리며 천억만 
1611,윤석열 화답 기다리겠다 
1612,윤석열 오늘 유세 전격 취소 안철수와 단일화 시도할듯
1613,국민학교 동창과 인사하는 이재명 대선후보
1614,윤석열 검단 신도시 주민들과 간담회
1615,물 마시는 이재명 후보
1616,더불어민주당 정치개혁 국민통합정부 당론 추인 
1617,윤석열 홀로 결사항전 중인 우크라이나 대통령 모욕 
1618,윤석열 임명장 살포 중단하라 법적 대응 불가피
1619,주한 우크라 대사 이재명 논란 발언 기사 트위터 공유
1620,물 마시는 이재명 대선후보
1621,떠나는 안철수 후보
1622,경주에서 지지호소하는 이재명 대선후보
1623, 민주 이재명 결집 확산 윤석열 표심 자극할까
1624,이재명 대선후보 포항 민심을 잡아라 
1625,안철수 단일화 담판 생각 안해 주말 만날 계획 없어 차 토론 
1626,심상정 대선후보 차별 없는 나라 만들겠습니다 
1627,이재명 후보 부산 유세
1628,유시민 윤석열 젠더 갈라치기 관심 받았으나 대가 따를 수도 
1629,창원에서 지지호소하는 이재명 대선후보
1630,주먹 불끈 쥔 이재명 대선후보
1631,더불어민주당 국민통합 정치개혁안 당론 추인 
1632,윤석열 붉은 물결 사이로 
1633,변희수 하사 주기 추모식에서 묵념하는 심상정 후보
1634,안철수 단일화 들은 바 없다 국힘 항의 전화 문자만 만통 
1635, 정치 대선 단일화 없이 투표용지 인쇄 시작
1636,당사 나서는 윤석열 후보
1637,경주서 연설 나선 이재명 후보
1638, 민주운동 기념탑 찾은 김부겸 총리
1639,이재명 선거운동원들 힘내세요
1640,이준석 창원 찾아 이재명 문재인 싸잡아 비판 은 다른 정치 할것 
1641,이렇게까지 막아야 합니까 
1642,대구 찾은 이재명 대선후보
1643,국힘 대장동 문건 보따리 공개 배수구 청소 중 발견 입수까지 일 소요 
1644,안철수 전북 방문 이틀째 호남 표심 구애
1645,이재명 수도권 중심 극체제 해소 극 특 국가균형발전 실현 
1646,김포에서 밝게 웃는 이재명 대선후보
1647,표심 구애하는 이재명
1648,나경원 윤석열 선거특보 임명장 논란 진상파악이 먼저 
1649,데드라인까지 밀린 단일화 반전일까 무산일까
1650, 녹취구성 푸틴 우크라군에 권력장악 국가지도부 제거 촉구
1651,이재명 후보 유세 위해 역사를 담은 경주 찾아
1652,심상정 대선후보 차별 없는 나라 꼭 만들겠습니다 
1653, 포토 단일화 결렬 알리는 윤석열 국민의힘 대선후보
1654,윤석열 오후 시 기자회견 단일화 관련 입장표명
1655,코로나 대확산 속 투표율 주목 유불리 속단 어렵다
1656,이재명 대선후보 통합의 정치 이재명 주장이고 안철수의 꿈이자 심상정의 소망 
1657,이재명 후보 자전거 타고 경주 황리단길 유세
1658,심상정 양당정치는 독재 타당 투표로 다당제 연립정부 가능 
1659, 포토 공개된 대장동 배수구 문건
1660,심상정 대선후보 차별 없는 나라 꼭 만들겠습니다 
1661,윤석열 붉은 물결 사이로 
1662,신탄진 오일장서 표심 공략하는 이낙연 민주 총괄선대위원장
1663, 현장 부 울 경 메가시티 중심 부산 문화도시로 키우겠다 
1664, 안철수 후보와의 단일화 관련 기자회견하는 윤석열 
1665,심상정 우크라 대통령이 초보 침략전쟁은 인류의 적 
1666, 공식 선거운동 반환점 지지 호소
1667, 안보 안심 대통령 되겠다 당선 보다 정치교체 중요 종합 
1668,조응천 나 혼자 검찰총장 반대 얘기할 때 듣지 
1669, 대장동 날선 공방 이익 본 건 가 몸통 종합 
1670,이재명 후보 유세 지켜보는 지지자
1671,초박빙 대선 부동층 겨냥 막판 청년표심 구애 은 글쎄 
1672,나경원 윤석열 선거특보 임명장 논란 진상파악이 먼저 
1673,이재명 대선후보 민심을 잡아라 
1674,포항 유세서 연설하는 이재명 대선후보
1675,안철수 후보의 유세 바라보는 정읍 시민들
1676,윤석열 포항 민심 향해 
1677,이재명의 자전거 유세
1678, 내일 오후 긴급 의총 정치개혁안 당론 채택 논의
1679,이재명 후보 파주서 평화로 드라이브 인 유세 
1680, 전주 방문해 유세활동 하는 안철수 후보 
1681,합장하는 이재명 대선후보
1682,윤석열 대선후보 미사일 발사 강력 규탄 힘을 통한 평화 달성할 것 
1683,윤석열 우크라이나 결사 항전 응원 는 국제적 망신 
1684,윤석열 돌연 경북 일정 취소에 그래도 지지 과 단일화 했으면 
1685, 의 극과극 우크라 사태 진단 유권자들은 지켜보고 있다 데이터로 본 정치민심 
1686, 포토 원희룡 대장동 배수구 문건 실물 공개
1687,지지 호소하는 윤석열 후보
1688,강아지도 번 
1689,민주당 의원총회장에 등장한 김건희 씨 년 서울대 수첩
1690,죽도시장 찾은 윤석열
1691, 단일화 결렬 희망의 끈 안 놓는다
1692,정영학 남욱 녹취록 발언 내용 공개하는 국민의힘
1693,이재명 후보 파주 유세
1694, 단일화 충돌에 눈 반짝이는 지지층과 중도층 포섭 총력
1695,국민의힘이 공개한 대장동 배수구 문건 실물
1696, 더불어민주당 긴급 의원총회 
1697,포항에서 어퍼컷 세리머니하는 윤석열 후보
1698,당사 들어서는 윤석열
1699,이재명 후보 경기 고양서 지지 호소
1700, 자영업자가 가장 바라는 것은 시간 영업 백신패스도 폐기 
1701, 포토 원희룡 대장동 배수구 문건 실물 공개 
1702, 포토 국민의힘 당사 떠나는 윤석열 대선후보
1703,포항 죽도시장 찾은 윤석열 후보
1704,윤석열 유세장에 모인 강릉시민들
1705,이재명은 합니다
1706, 유사시 개입 망언 사죄를 왜곡 선동 
1707,양산 이마트 앞에서 연설하는 이재명 후보
1708,윤석열 대선후보 브이자 그리며 
1709,지지자들에게 인사하는 이재명
1710,구미에서 지지자에게 인사하는 이재명 대선후보
1711,심상정 이어령 영원한 지성인 하늘서 영원한 평안 누리길 
1712,안철수 공수처 폐지해야 이재명 부족했지만 역량 키워야 
1713,목포역 유세 나선 안철수 후보
1714,대화하는 송영길과 윤호중
1715,강아지도 번 
1716,고양 유세장 도착한 이재명 대선후보
1717, 남부수도권 실현위원회 출범 직접 위원장 맡는다
1718,윤석열 포항 성원 잊지 않겠습니다 
1719,대구 찾은 심블리 시민들과 셀카 찍은 심상정
1720,포항 찾은 윤석열 후보
1721,울산에서 지지자에게 인사하는 이재명 대선후보
1722,포스코 노조 지주사 실질적 포항 이전 필요 
1723, 현장 윤석열 우크라이나 모욕 준 이재명 이런 사람이 외교안보 제대로 하겠나 
1724,지지자들 향해 엄지 날리는 이재명
1725,성일종 간사와 주먹인사하는 서욱 국방부 장관
1726, 단일화 전말 까지 공개 외나무 다리 위에 섰다
1727,저출생 원전 정책 어떻게 바뀌나 후보별 사회 공약
1728, 이 만나자고 하면 언제든 차 돌려 가겠다는 건 진심 
1729,송영길 미국 윤석열 황당하고 위험한 인물로 평가할 것 
1730,양산 이마트 앞에서 연설하는 이재명 후보
1731,코미디언 모욕하는 민주당의 블랙코미디 정기수 칼럼 
1732,이재명 박 일 방문 취약지 공략
1733, 이재명은 약속 지킵니다 
1734, 단일화 무산 책임론에 권한 많은 사람이 책임도 커 비판
1735,경주서 지지 호소하는 이재명 대선 후보
1736, 어제 대리인 최종합의 지금이라도 찾아갈 것 화답 기다린다 
1737,윤석열 이재명 우크라 탓 세계적 망신 대신 사과 
1738,윤재옥 문자폭탄 정치 병들게하는 에 보내지 말아달라 
1739,인천 찾아 지지 호소하는 윤석열
1740,포항 유세 나선 이재명 후보
1741,한복커플과 인사하는 이재명
1742,안철수 윤석열 단일화 결렬 관련 국민의당의 입장은 
1743,이재명 대선후보 청년들 손 잡고 
1744,홍남기 부총리 만난 이광재 외통위원장
1745,민주당 전북도당 문용주 전 국회도서관장 영입
1746, 단독 측 공개한 협상 일지 제목은 정리해서 못 만나면 깐다 
1747,소상공인 자영업자 신용대사면 긴급금융구제 지원공약 발표
1748, 정치개혁안 에 전부 사기꾼 맹공 펼친 국민의힘 단일화 투표 전날까지 노력 
1749, 포항 찾아 박태준 존경 외가 강릉 찾아 정권교체 
1750,이재명 김종인에 선거 합류 타진 개헌 고리로 교감하나
1751,민주당 이재명표 정치개혁안 당론 채택 도 같은 방향 
1752, 포토 모두발언하는 신승욱 국민의힘 청년보좌역
1753,이재명 윤석열 안철수 리얼미터 
1754, 북 시험발사 강력 규탄 힘 통한 평화 달성하겠다 
1755, 윤석열 사전에 민생 은 있어도 정치보복 은 없다 
1756, 대선 열흘 전에 무슨 놈의 정치개혁 국민 가붕게로 아나 
1757, 자위대 망언 순국선열 앞 사죄하라 특별성명 발표
1758,윤석열 오후 시 긴급회견 단일화 입장 밝힐 예정
1759, 방역패스 일시 중단 환영 당선 즉시 민생회복 프로젝트 
1760,울산 시민들에게 인사하는 이재명
1761,제주 오일장 찾은 이낙연 유권자와 함께 
1762,환호하는 이재명 후보 지지자들
1763,이낙연 평화와 안보는 하나 정리된 생각 없는 후보는 불안 
1764,이재명 파주서 드라이브인 유세 밤엔 이수역 힐링콘서트 
1765,이재명 후보 경주 유세
1766,이재명 후보 고마워 
1767,윤석열 유세현장에 나타난 태극기와 우크라 국기
1768,지지자 만나는 심상정 후보
1769,윤석열 펼침막 벽보 훼손 절취 잇달아 신속 수사하라 
1770, 신안저축 김건희 일가 억 대출 의혹 거짓 네거티브 
1771,고개숙인 윤석열 대선 후보
1772,창원에서 연설하는 이재명 후보
1773,김포에도 큰 지하철 들어오게 해주세요
1774,대화하는 송영길과 윤호중
1775,대구지역 이재명이 약속합니다
1776,이재명 대선후보 경북 지지 호소 
1777, 토론 마친 이번 주말은 수도권 대전
1778,김포에서 지지자에게 인사하는 이재명 대선후보
1779,검단 신도시 거주자들과 간담회 갖는 윤석열
1780, 정치인들 세금으로 제편 먹여살려 화가 나 그만 못두겠다 종합 
1781, 기호 번 이재명 엄지 척 
1782, 포토 국회 국방위원회 전체회의 참석한 서욱 정석환
1783,김부겸 총리 민주운동 기념탑 참배
1784,표심 구애하는 이재명
1785,두루마기 선물 받는 이재명 후보
1786, 자원봉사자들 앞에서 인사말 하는 추미애 명예선대위원장 
1787,강릉 표심 공략하는 윤석열
1788,윤석열 이재명 단일화시 엠브레인 
1789,전화면접은 
1790,고양 표심 잡기 나선 이재명
1791,윤석열 단일화 노력하고 있다 안철수 경선 하겠다면 모르죠 
1792,윤석열 승리의 브이 
1793,이재명 태극기를 흔들어라
1794,민주당은 쾌재 윤석열 사실상 단일화 포기 선언 
1795, 노동자의 도시 울산 찾은 이재명
1796, 정치개혁 실천 의구심에 의총 열어 결정 그당 사정 아는데 될지 
1797, 나를 위해 이재명 
1798,윤석열 후보 사고는 반미 친북 미사일 발사 소 닭 보듯 봐 
1799,이준석 우크라 관련 이재명 발언 민주주의자로서 용납 어려워 
1800,광장시장 찾은 안철수 부부
1801, 영상 정리해서 못만나면 깐다 는 파일 제목 덮어쓰느라 벌어진 오해 
1802,이준석 백신패스 폐지 공약에 정부 입장 돌변 
1803,강원 찾은 윤석열 꽃다발도 받고 
1804,지지율 상승세 탄 이재명
1805,인천 찾은 윤석열 이재명 향해 왜곡된 안보관 경제 번영 시키겠나 
1806, 민주운동 기념탑 방문한 김부겸 총리
1807,단일화 결렬 알리는 윤석열 대선후보
1808, 민주운동 기념탑 참배하는 김부겸 총리
1809, 단일화 뒤로 한 안철수 대선 가도 첫 전북 택했다
1810,심상정 우크라 대통령이 초보 침략전쟁은 인류의 적 
1811, 일에 코로나 확진 발표해 투표 못 하게 막을 수 있어 
1812,윤석열 박근혜 판결 평가 옳지 않아 심상정 말 못하고 쩔쩔매 
1813, 원전 주력전원 활용 발언에 국힘 이채익 대선개입 주장
1814, 안보 안심 대통령 되겠다 당선 보다 정치교체 중요 종합 
1815,방역패스 일시 중단에 결단 환영 늦은 감 없지 않아 
1816,여야 정치권 일제히 고 이어령 전 장관 추모
1817,안철수 윤석열 뽑으면 년 후 손 자르고 싶을 것 명연설 
1818,이런 대선은 처음 민주당 텃밭 호남서 펼쳐지는 진풍경
1819,지지 호소하는 윤석열 대선후보
1820, 러시아의 우크라 불법 침략 규탄 결의안 추진
1821, 현장연결 전해철 내일부터 식당 카페 등 방역패스 일시중단 
1822,노무현 전 대통령 사위와 함께 인사하는 이재명 대선후보
1823,소년공 동료에게 캘리그래피 선물 받는 이재명 대선후보
1824, 이어령 전 장관 유족 위로하는 이재명
1825,이재명 부산 유세 구름인파 
1826, 헤럴드 주먹인사하는 국민의힘 권영세 선거대책본부장과 원희룡 정책본부장
1827, 정치보복 없다 대국민 선언하자 보복한다면 국민이 가만 놔두겠나 
1828, 잼잼 자원봉사단 전북본부 발족 이재명 당선 위해 총력 
1829,강릉 유세 나선 심상정 후보
1830,사전투표 독려 퍼포먼스
1831,이재명 고향 공략 시동
1832,더불어민주당 긴급 의원총회
1833, 으로부터 단일화 들은 바 없다 철저하게 무시당했다 
1834,윤석열 오늘 유세 전격 취소 안철수와 단일화 시도할듯 종합 
1835,윤석열 유세현장에 나타난 태극기와 우크라 국기
1836, 이슈폴폴 여론조사로 풀어 보는 정치 한 주간 민심은 
1837,강릉 유세 연설하는 심상정
1838, 여론 국정지지율 민주 국민의힘 
1839,단일화 끈 못놓는 국민의힘 가능성 싹둑 자른 국민의당
1840,당사 도착한 윤석열
1841,강원도 동해 찾은 윤석열
1842,광주 유세 박영선
1843,독립단체 윤석열 유사시 일본 들어올수 있지만 발언 규탄 
1844,환호하는 윤석열 지지자들
1845,부산지역 공약판 들고 시민들과 호흡하는 읻재명
1846,이재명 열세 지역 부울경 집중 유세 메가시티 표심 공략
1847,이재명 드라이브인 유세 첫 선
1848, 북 시험발사 강력 규탄 힘 통한 평화 달성하겠다 
1849,윤석열 도발을 도발이라 못해 운동권 정권이라서 
1850,경북 포항 유세 나선 이재명 대선후보
1851,소상공인 자영업자 정책 건의안 받는 이재명 후보
1852, 영상 단일화 결렬 최종 통보받았다 는 구구절절 설명하며 노력했다 
1853,사람이 물으면 기계로 하면 수줍음 과 솔직함 의 변주곡
1854,미접종자도 셀프 감시 동력 잃은 방역패스
1855,이재명후보 군산특보단 검찰왕국 아닌 민주공화국 선택 호소
1856, 윤석열 단일화 포기 선언 에 책임 덮어씌워 
1857,윤석열 권성동과 함께 인사
1858,안철수 서울 집중 유세 심상정 영남 민심 공략
1859,이재명 대선 열흘 앞두고 총력전
1860,안철수 측 편상욱 앵커 윤석열에 유리하게 토론 진행 
1861,이재명 겨냥 전쟁 좋아하는 주술사에 넘어가면 
1862, 오후 시 의총서 정치개혁 당론 추인 에 다당제 손짓
1863,마이크 놓고 세발자전거 탄 강릉 외손 어린 시절 떠올린 
1864, 통합의 정치 이재명 주장이고 안철수의 꿈이자 심상정의 소망 
1865, 공약 좀 들어봅시다 
1866,안철수 후보 눈 감고 차분하게 
1867,대장동 배수구 문건 실물 공개 진실은 
1868,이재명 정치개혁 드라이브 중도보수 원로 참여 통합추진위 주목 종합 
1869, 방역패스 일시 중단 환영 당선 즉시 민생회복 프로젝트 
1870,속 타는 이재명
1871,더불어민주당 국민통합 정치교체 
1872, 자원봉사자들 앞에서 인사말 하는 추미애 명예선대위원장 
1873,윤석열 대선후보 포항 찾아 지지 호소
1874,대구서 유세 연설 나선 이재명 후보
1875,김총리 불의에 타협 않은 정신 대한민국 민주주의 뿌리 
1876,부산 시민들과 함께 나아가는 이재명
1877,이재명 부산 서면 찾아 연설
1878,권성동 상식적으로 선대본부장이 의사 없이 나올수 없다 
1879,이재명 후보 김포 유세
1880,진보당 김재연 후보 울산 현대중공업 출근길 유세 이어가
1881,윤석열 향한 지지 보내는 시민들
1882,심상정 강원 민심 잡기 
1883, 침공 당한 우크라 탓하는 이재명 대통령 자격 없어 
1884,속초 유세 이어가는 윤석열 후보
1885, 지지자와 사진 찍는 안철수 후보 
1886, 오차범위 내 초접전 리얼미터 
1887,김포서 지지 호소하는 이재명 후보
1888,여의도 당사 들어서는 윤석열 단일화 결단 
1889,이재명 공공도서관 서비스 개선할 것 광역시 도별 공공도서관 연계
1890, 오늘의 유세일정 일 일 
1891,이재명 대선후보 포항에서 지지호소
1892,안철수 후보 다음 유세 장소로 
1893,대화 나누는 한병도 의원과 최기상 의원
1894, 다시 소년공 시절로 용접장갑 낀 이재명 노동자 대통령 되겠다 
1895,안철수 후보 지지 호소하는 부인 김미경 교수
1896, 단일화 결렬 당사 나서는 윤석열 대선후보
1897,윤석열 후보 강원 민심에 호소
1898,이재명 초대 문화부 장관 이어령 별세에 조문 존경하던 분 
1899,윤석열 포항 성원 잊지 않겠습니다 
1900, 사전투표 잊지 마세요 
1901, 단일화 결렬 당사 나서는 윤석열 대선후보
1902,윤석열 함께 나아갑시다
1903,걱정말고 사전투표 포항간 윤석열 박빙 지지율 속 음모론 일축
1904,대구 찾은 이재명 지지호소 
1905,이재명 대선 열흘 앞두고 총력전
1906,이재명 후보 대구 지지자들 향한 인사 
1907, 오늘 결렬 통보 희망의 끈 안 놓는다 
1908, 민주운동 기념탑 방문한 김부겸 총리
1909, 김포의 더 큰 도약 이재명을 활용하십시오 
1910, 방역패스 중단 에 한목소리 환영 각론은 온도차 종합 
1911,경주 황리단길 찾은 이재명 대선후보
1912,윤호중 윤핵관 꼭꼭 숨기느라 얼마나 힘들었냐 또 국민 우롱 
1913,대선 
1914,이태규 선대본부장 긴급 기자간담회
1915,권영세 윤석열 후보 안철수 후보가 만나자면 차 돌려가겠다는 건 진심 
1916,인사 나누는 권영세 선거대책본부장과 원희룡 정책본부장
1917,코로나 대확산 속 투표율 주목 유불리 속단 어렵다
1918, 적극적인 지지 
1919,윤석열 대선후보 지지 호소 
1920,서귀포 표심 공략하는 이낙연 총괄선대위원장
1921, 민주운동 기념탑 방문한 김부겸 총리
1922, 지지자 유세장서 여성 폭행 영상에 또 야만적 행태 
1923,이재명 경기지사 때처럼 건설공사 입찰 담합 근절할 것 
1924,이재명 대선후보 포항에서 지지호소
1925,이재명 대선후보 포항서 지지호소
1926,이재명 후보 경기 고양서 집중 유세
1927,윤석열 정치보복은 사익 위한 것 사익 좇은 적 없다 
1928,제주 세몰이 나선 나경원 전 의원
1929,선거유세 듣는 시민들
1930,물 건너간 단일화 너 죽고 나 살자 공방 가열
1931,목포역 유세 나선 안철수 후보
1932,윤석열 대선후보 포항에서 유세 재개 
1933, 단일화 무산에 직격 권한 많은 사람 책임도 커 
1934, 전권대사 개념 없어 단일화 시한종료 선언 
1935, 민주운동 기념탑 참배하는 김부겸 총리
1936, 주가조작하면 책임을 부끄러운 줄 알아야 
1937,이재명 경기지사 때처럼 건설공사 입찰 담합 근절할 것 
1938,안철수 요청에 바로 움직인 민주당 일 저녁 긴급의총 소집
1939,강릉 찾은 윤석열
1940,안철수 후보 부인과 함께 지지 호소 
1941,이재명 구미 반가워요 
1942,이재명 지지자 운집한 부산 서면 셔츠차림으로 연설 
1943,권영세 단일화 위해 모든 노력 중 대선 전날까지도 가능 
1944,권은희 단일화 곰탕 안끓인다 선언 잘 지키라 
1945, 유사시 개입 에 이재명 유관순 미안해서 그런 말 못해 
1946,여수에서 유세 이어가는 안철수 후보
1947, 포토 사전투표 독려 퍼포먼스하는 더불어민주당
1948,김건희 씨 원우명부에 기재된 도이치모터스 이사 경력
1949,민주 탄도미사일 도발 강력 규탄 평화 위협 멈추라 
1950,부산지역 소상공인들과 함께 선 이재명
1951,이재명 대구 유세 찾은 지지자들
1952,안철수 후보 갈 길 갑니다 
1953, 취업용 건강진단결과서 무료화 규제 샌드박스 활성화 지원 
1954,이재명 찍고 공략
1955,안철수 윤석열 단일화 결렬 관련 국민의당의 입장은 
1956,민주 내일 저녁 긴급의총 다당제 정치개혁안 당론 채택
1957,이재명 대선 후보의 대구 지지 호소 
1958,고양 시민들 앞에 선 이재명
1959,송영길 민주당 대표 다당제 정치개혁 단순 선거용 아냐 말로만 했던 점 반성 
1960,창원 찾아 손인사 하는 이재명 대선후보
1961,권영세 단일화 어려워졌지만 통합 끈 놓지 않을 것 
1962,마스크 벗는 윤석열 후보
1963, 의 극과극 우크라 사태 진단 유권자들은 지켜보고 있다 데이터로 본 정치민심 
1964,윤석열 북한 모라토리움 깨는 것 시간 문제 힘 통한 평화 달성 
1965,안철수 단일화 협상 시한 이미 종료 완주 의지 재확인
1966, 정치보복 중단 대국민선언을 너무 당연 한목소리
1967, 장모 동업자 감옥 보내고 억 수익 거짓 자료 
1968,우상호 단일화 끝났다 회견 결렬 책임 에 돌리는 것 
1969,열정적 율동도 좋지만 후보는 어디에 
1970,정영학 남욱 녹취록 발언 내용 공개하는 국민의힘
1971,단상에 오르는 이재명 후보
1972,윤석열 국민을 가재 게 붕어로 아나 민주당 쫓아내는게 정치개혁 
1973,주먹 인사 받는 이재명 대선후보
1974,안철수 단일화 제안 철저히 무시 당해 립서비스 도리 아냐 
1975,토론 마친 안철수 단일화 담판 생각 않는다 재차 강조
1976, 포토 대장동 배수구 문건 공개한 원희룡 국민의힘 정책본부장
1977,지지자들에게 인사하는 안철수
1978,사인하는 안철수
1979,윤석열 안철수에 대등한 공동 인사권 제안했었다
1980,윤석열 단일화 전말 전격 공개 책임론 부각 이탈표 잡기
1981, 국정농담 제일 아픈 손가락 호남 누구 손 들어줄까
1982, 윤석열 장모 동업자 감옥행에 땅 팔아 억 차익 금액 계산 잘못 
1983,강릉 월화거리광장에 모인 유권자들
1984,이재명 대선후보 소년공으로 함께 일했던 강병인 캘리그래퍼와 
1985,이태규 국힘 안철수에 이중플레이 이미지 씌워 
1986,국방위 오늘 전체회의 소집 탄도미사일 우크라 현안질의
1987,이재명 경기대망론 들고 경기북부 공략 외손자도 등판 
1988,유시민 윤석열 젠더 갈라치기 관심 받았으나 대가 따를 수도 
1989, 대선 심상정 진보 선명성 막판 스퍼트 제 의 선택지 각인 
1990, 단독 측 공개한 협상 일지 제목은 정리해서 못 만나면 깐다 
1991,남부수도권 시대 약속하는 이재명
1992, 포토 성일종 국민의힘 간사와 인사 나누는 서욱 국방부 장관
1993, 오후 시 의총서 정치개혁 당론 추인 에 다당제 손짓
1994,포항서 유세 펼치는 이재명 대선후보
1995,구미 찾아 지지 호소하는 이재명 대선후보
1996,권성동 의원과 악수하는 심상정 후보
1997,정치개혁안 의총통과가 열쇠 당론확정 물타기 
1998, 속보 윤석열 오늘 오후 시 단일화 관련 기자회견
1999,양산에서 연설하는 이재명 후보
2000,이재명 대선후보 셔츠 소매도 걷고 
2001,경북 영주 유세장 모인 시민들 윤석열 후보는 일정 취소 
2002,여야 국방위서 대리전 우크라 선제타격 놓고 충돌 종합 
2003,윤상현 안철수 이름 석자에 걸맞는 굵은 결심 해달라 
2004,나를 위해 행복을 위해 선택했습니다
2005, 포토 질의에 답하는 서욱 국방부 장관
2006, 속보 윤석열 오늘 오후 시 기자회견 단일화 관련 입장 표명
2007,대선 유력 후보들 행정수도 세종 공약 온도 차 
2008,이재명 유세 듣는 시민들
2009,이낙연 이재명 후보 지지 부탁드립니다 
2010,마스크 만지는 윤석열 후보
2011,강릉 찾아 정권교체 외치는 윤석열 후보
2012, 뉴스초점 차 법정 토론 정치개혁 안보관 격돌
2013,강아지도 번 
2014,포항 유세 나선 이재명 후보
2015,윤석열 방역패스 중단 조치 환영 
2016,제주 오일장 찾은 심상정 방긋 
2017,부산서 지지호소하는 이재명 대선후보
2018,이재명 후보 대구 유세 보수표심 적극 구애 
2019,권영세 단일화 어려워진 것 인정 노력해서 받아들여질지 의문 
2020, 이재명 향한 응원 세례 
2021, 포토 안철수와 단일화 관련 입장 표명 마친 윤석열
2022,이재명 향한 지지자의 손피켓
2023,고민정 이재명 첫인상 싫었다 제발 이겨줬으면 
2024,권성동 윤핵관인 게 자랑스럽다 윤핵관 논란 재점화
2025, 지지자와 사진 찍는 안철수 후보 
2026,이재명 대선후보의 부산 유세
2027,의원총회 발언하는 윤호중 민주당 원내대표
2028,윤석열 정부 방역패스 일시 중단 환영 대통령되면 완전 철폐 
2029, 포토 안철수와 단일화 결렬 다시 유세장으로 향하는 윤석열
2030,전기자전거 타고 유세장 향하는 이재명 대선후보
2031, 인기만점 안철수 부부
2032,이준석 경쟁력 충분 단일화 필수적 요소 아니라 판단 
2033,국힘 대장동 녹취 추가 공개 그림까지 그리며 천억만 
2034,심상정 대선후보 차별 없는 나라 꼭 만들겠습니다 
2035,안보관 정면 충돌 난폭한 초보정치인 유약한 안보관 
2036,더불어민주당 의총 발언하는 송영길 대표
2037, 속보 측 장제원 측 이태규 대표로 단일화 협상 벌였다 
2038,윤석열 과 단일화 최종 합의 단계에서 결렬 통보 받았다 
2039, 대선 사전 투표 코앞인데 동률 까지 돌발변수에 승패 갈린다
2040, 공개 협상전말 공동정부 인수위 공동운영도 협의 
2041, 전주 찾은 안철수 국민의당 대선 후보 
2042,서귀포 표심 공략하는 이낙연 총괄선대위원장
2043,더불어민주당 중앙선거대책위원회의
2044, 이재명 윤석열 접전 진영 결집 불붙었다 종합 
2045,윤석열 포항시민 여러분 감사합니다 
2046,발언하는 국민의힘 신승욱 청년보좌역
2047,이태규 선대본부장 긴급 기자간담회
2048,윤석열 포항에서 다시 어퍼컷
2049,이재명 취약지 공략 포항 경주 대구 구미 안동 순회
2050,대구에서 지지호소하는 이재명 후보
2051, 부산 최대 번화가 서면에 선 이재명
2052,선대본회의 참석하는 권영세 본부장
2053,윤석열 이재명의 민주당 주역 좌파 운동권 세력 
2054,이어령 전 장관 별세에 대선후보들 모두 애도
2055,경주 황리단길에서 자전거 타는 이재명 후보
2056,민주당 정치개혁안 당론 추인
2057,지지 호소 연설 이어가는 안철수 후보
2058,어린이가 건넨 편지 들어 보이는 윤석열 후보
2059, 포토 대장동 배수구 문건 공개한 원희룡
2060, 상인들과 인사 나누는 안철수 후보 
2061,윤석열 오늘도 달린다 
2062,인천 유세 나선 쓰레기 매립지 반드시 이전시킬 것 
2063,경주 간 이재명 위대한 화백회의 통합의 정치 출발점 
2064,윤석열 탈원전 정책 뒤집은 대통령 잘못된 판단에 허송세월 
2065,부산 표심 호소하는 이재명
2066,조수진 선관위 선거 현수막 판단 묻지마 깜깜이 
2067,권영세 추가 요구는 사퇴 모양새 그것도 다 됐는데 돌연 결렬 
2068,예비부부 예비부모와 기념사진 찍는 이재명
2069,나를 위해 행복을 위해 선택했습니다
2070, 포토 북한 도발 관련 자료 바라보는 서욱 국방부 장관
2071,손 잡은 포항 정치권
2072, 기호 번 호소 
2073,이재명 대선후보 창원 집중유세
2074,자위대 개입 우크라 탓 이재명 윤석열 뒤끝 공방
2075,경찰직장협의회 대선후보들에 기본급 출동수당 상향 건의
2076,포항 민심은 어디로
2077,우크라 사태 원인 놓고 국힘 민주 충돌 인식 충격 안보관 불안 
2078,이재명 후보 경기 고양서 지지 호소
2079,이재명 유관순에 미안하지 않나 차라리 거짓말이었으면 
2080,안철수 제안부터 윤석열 회견까지 단일화 막전막후
2081,인사하는 윤석열
2082,의원총회 발언하는 윤호중 원내대표
2083,일산문화공원 이룬 파란 물결 
2084,이재명 겨냥 전쟁 좋아하는 주술사에 넘어가면 
2085,이재명 대선후보 지지자들과 찰칵 
2086,소년공 동료에게 캘리그래피 선물 받는 이재명 대선후보
2087,전남 유세 이어가는 안철수 대선후보
2088,이재명 후보 고양 집중 유세
2089,심상정 양당정치는 독재 타당 투표로 다당제 연립정부 가능 
2090,질의 자료 바라보는 정석환 병무청장
2091, 포토 경북 일정취소 후 당사 들어서는 윤석열
2092,출근 안해 윤핵관 아니라던 장제원 단일화 전권대리인
2093,윤두현 의원 손 잡은 이준석 대표
2094,윤석열 오후 시 당사에서 긴급기자회견 단일화 입장 밝힐 듯
2095,머리 위 하트 만드는 이재명 대선후보
2096,대구 지역 연단에 선 이재명
2097,어린이들과 기념촬영하는 이재명 후보
2098, 기호 번 이재명 지지해주세요 
2099,창원서 노마스크 연설하는 이재명
2100, 윤미향 이상직 박덕흠 제명 대선과 관계없이 신속 진행 
2101,이재명 대선후보 유사시 개입 에 유관순 미안해서라도 그런 말 못해 
2102,더불어민주당 정치개혁 국민통합정부 당론 추인 
2103,지지 호소하는 윤석열 대선후보
2104, 표 가치 높아진다 초박빙 대선 투표율도 관심 정치쫌 
2105,강원 훑는 윤석열 표밭 다지기 박차
2106,강릉 찾아 유세하는 윤석열
2107,이재명 징용 해결책 일본이 내야 당선되면 곧 한일정상회담 
2108,강릉 찾은 심상정 후보
2109, 속보 윤석열 과 단일화에 최선 어제 대리인들 최종 합의 
2110, 포토 국민의힘 윤석열 안철수와 단일화 관련 입장 표명
2111,창원 연단 오르는 이재명 후보
2112,초박빙 대선 부동층 겨냥 막판 청년표심 구애 은 글쎄 
2113, 속보 윤석열 오늘 유세 전격 취소 안철수와 단일화 협상 시도할듯
2114, 누빈 이재명 진정한 정치교체 다신 정치보복 안 돼 
2115,김용태 이재명 경제대통령 후보라고 택도 없다 
2116,대장동 배수구 문건 실물 공개 진실은 
2117,손 잡은 포항 정치권
2118,이재명 장문의 글 통해 우크라 폄하 해명 표현력 부족했다 
2119,윤석열 일정 조율만 남겼는데 결렬 통보받아 언제라도 찾아뵙겠다 종합 
2120,고향으로 온 이재명
2121,여영국 대표 지축철도차량기지 방문
2122,이재명 대선후보 국정 정확히 알아야 해 모르는 거 자랑 아냐 
2123,이용우 의원 김건희씨 도이치모터스 관련 자료 공개
2124,심상정 대구 지하철 참사 유족 위로
2125, 일요와이드 이재명 부울경 표심 공략 윤석열 단일화 입장 표명
2126, 시그니처 어퍼컷 세리머니 
2127,안철수 준공 년 넘은 전국 아파트 무료 안전점검 
2128,손들어보이는 이재명
2129,지지자 만나는 심상정 후보
2130, 꽃 선물 받는 안철수 후보 
2131, 완주 안철수 지지표 에 뭉칠까 으로 흩어질까
2132,어린이와 사진 촬영하는 심상정
2133,국민의힘이 공개한 대장동 배수구 문건 실물
2134,보수 표심 구애하는 이재명 후보
2135,민주당 정치개혁 국민통합정부 당론 추인 
2136,포항 죽도시장 찾은 윤석열
2137, 단일화 파국에 네 탓 공방 극적 반전 가능성 희박 
2138,신원식 정경두 국방장관 멍청 희대의 엉터리 소리 
2139,시민들 앞에 선 안철수 부부
2140,이재명 후보 고양 집중 유세
2141,제주서 지지 호소하는 심상정 후보
2142, 찾은 대구 국힘 년 뽑았지만 가장 가난 심판해달라 
2143,변희수 하사 주기 추모제 헌화하는 심상정 후보
2144,이재명 엄지 척 
2145, 녹취구성 푸틴 우크라군에 권력장악 국가지도부 제거 촉구
2146,이재명 과학기술 대 강국 대 빅 프로젝트 추진 전문 
2147, 지지선언 문화예술인 만나 블랙 중에 블랙 될 가능성 있는데 
2148,고향으로 온 이재명
2149,안철수 윤석열 뽑으면 년 후 손 자르고 싶을 것 명연설 
2150,부산으로 온 이재명
2151, 영상 정리해서 못만나면 깐다 는 파일 제목 덮어쓰느라 벌어진 오해 
2152, 포토 윤석열 후보 단일화 결렬 
2153,미묘한 삼각관계 이재명 안철수엔 러브콜 윤석열엔 맹비난 
2154,권영세 단일화 어려워졌지만 통합 끈 놓지 않을 것 
2155,이재명 대선후보 포항에서 엄지 척 
2156,윤석열 화려한 쇼맨십 
2157, 에도 초박빙 판세 투표율과 지지층 결집이 관건
2158,공식 선거운동 반환점 지나는 이재명
2159,광장시장 찾은 안철수 내외
2160, 대선 안철수 완주 책임정치 철수 정치 사이 딜레마
2161,정영학 남욱 녹취록 발언 내용 공개하는 김은혜 공보단장
2162,민주당 충북중소여행사연합회 이재명 후보 지지 
2163, 제주청년들 청년 삶 지켜주고 기회 주는 이재명 지지 
2164,서울시청 남산타워 등에 우크라 평화의 빛 밝혀
2165, 바라보는 시선
2166,권성동 의원과 악수하는 심상정 후보
2167,정의당 여영국 대표 지축철도차량기지서 선거유세
2168,국방위 답변하는 서욱 국방부장관
2169,단일화 협상 관련 기자회견 마치고 당사 나서는 윤석열 후보
2170,부산에서 지지자에게 인사하는 이재명 대선후보
2171,지지자들에게 사인 해주는 안철수
2172,경산시장 메운 청중
2173,이재명 네거티브 매달리는 윤석열 안타까워 금명간 의총 열겠다 
2174, 뉴스포커스 야권 주말 단일화협상 결렬 이 윤 안보관 충돌 여진
2175,열흘 뒤 이재명의 운명은 
2176, 초보 정치가 전쟁 불러 종이 협약서로 평화 못지켜 
2177,취재진 질문에 답하는 윤석열 후보
2178,경주 찾아 유세 나선 이재명 후보
2179,속초 유세 나서는 윤석열 후보
2180, 전주신중앙시장 찾은 안철수 후보 
2181,부산지역 소상공인들과 함께 선 이재명
2182, 속보 윤석열 장제원 의원이 단일화 전권대리인 측도 동의 
2183,윤석열 부동시 병역 면제 의혹 질의에 답하는 병무청장
2184, 윤석열차 이준석 이재명 출생지 안동서 형수욕설 훈육해달라 
2185,기자회견장 들어서는 윤석열 대선후보
2186,이재명 청년 만원 기본대출 긴급 금융 구제안 발표
2187,울산서 용접공 장갑 선물 받고 발언하는 이재명 후보
2188,심상정 강릉 유세 주 일제 도입 강원도 관광객 억명 시대 열겠다 
2189, 토론 이재명 이 대장동 몸통 윤석열 제가 성남시장 했나 초밥 먹었나 
2190,안철수 전북 방문 이틀째 호남 표심 구애
2191, 공약 좀 들어봅시다 
2192,윤석열 포항 유세
2193,공약판 들어보이는 이재명 후보
2194,파주 찾아 지지 호소하는 이재명 대선후보
2195, 장모 억 특혜 대출 엉터리 해석 사실 왜곡 
2196,저출생 원전 정책 어떻게 바뀌나 후보별 사회 공약
2197,이재명 북 무력 도발 용납될 수 없는 긴장 조성 행위 
2198, 민주운동 기념사 하는 김부겸 총리
2199,손피켓 든 지지자와 이재명 후보
2200,어린이들로부터 선물 받은 이재명 대선후보
2201,떠나는 안철수 후보
2202,이재명 대선후보의 부산 공약 서약식
2203,강원행 옆에 선 권성동 내 별명이 윤핵관인 게 자랑스럽다 
2204,이준석 안동 찾은 자리에서 오만한 훈육해달라 지지 호소
2205, 포토 윤석열 후보 오늘 안철수 후보측 결렬 통보 
2206,이재명 후보 경기 고양서 지지 호소
2207, 전권대사 개념 없어 단일화 시한종료 선언 
2208,심상정 대구는 민주주의 보루 퇴행 막아달라 
2209,순천 표심 공략하는 안철수
2210,단일화 파국 공방 이 결렬 경선 비논의 도의 아냐 
2211,서욱 사드 추가배치 안 해 전술핵 공유도 고려 안 해 
2212,창원 표심 호소하는 이재명
2213,소상공인 자영업자 미래 생존 정책 건의안 받는 이재명 후보
2214,이재명 대선 후보 대구서 유세
2215,이재명 후보 울산 연설
2216,윤석열 단일화 결렬 통보 희망의 끈 놓지 않을 것 종합 
2217,이재명 선거 때마다 누구 포기시키지 말고 결선투표하자 
2218, 포토 마스크 다시 쓰는 윤석열
2219, 여의도 번지 이재명 집중 유세 윤석열 강원에서 지지 호소
2220,국방위 전체회의 참석한 서욱 장관
2221,전기자전거 타고 유세장으로 향하는 이재명 대선후보
2222,유세장 밖으로 끌려 나가는 여학생
2223,국민의힘 제주 홍보물 훼손 강력 규탄 신속 수사 촉구 
2224, 과 담판 생각 없어 경선 하겠다면 모르죠 
2225,이재명 대선후보 연설 듣는 포항 시민들
2226,국내 우크라인 천여 명에 인도적 특별체류 허가
2227,이재명 산업단지 재직 청년 교통비 지원 확대 
2228,심상정 강원 민심 잡기 
2229,인천 시민들에게 꽃다발 받는 
2230,지지자들 향해 엄지 날리는 이재명
2231,이재명 대선후보의 선거 유세 현장
2232,이재명 윤석열 안철수 심상정 당선가능성 이 윤 
2233,강릉 유세 마친 윤석열 어퍼컷 세리머니
2234,윤석열 후보 시장에서 만난 한 아이와 
2235,제주서 윤석열 후보 벽보 사라져 국힘 신속히 수사해야 
2236, 신천지 비호 현수막 훼손 놓고 민주 국민의힘 신경전 
2237,이재명 보러 몰린 인파
2238, 일 긴급의총 다당제 당론 채택 시도
2239, 포토 대장동 배수구 문건
2240,이재명 뜨자 구름인파 이룬 창원 상남분수광장
2241,국힘 이재명 러시아 침공 우크라이나 탓 인식 충격적 
2242, 경찰청장 차관급 장관급 상향 검경수사권 재조정 없다 
2243,발언하는 윤호중 공동선대위원장
2244,제주서 지지 호소하는 심상정 후보
2245, 식량안보 밀 콩에 지원금 최소한의 필요량 확보 
2246,이재명 대선후보 포항 유세
2247,홍준표 러 우크라 침공에 비핵국가의 설움 
2248,송영길 대통령 가장 잘못한 건 검찰총장에 임명한 것 
2249, 포토 취재진 질문에 답하는 윤석열
2250, 단일화 전말 까지 공개 외나무 다리 위에 섰다
2251,윤석열 대선후보 포항서 유세 재개 
2252,안철수 후보 꿋꿋하게 선거유세 
2253,고창 유세 나선 안철수 후보
2254, 역대급 비호감 대선 막말 묻지마 폭로에 고소 고발장 산더미
2255, 토론 윤석열 오히려 평화 위협 이재명 안보 하책 
2256,수도권 유세 이어가는 
2257, 헤럴드 사전투표 합시다 
2258, 대 대선은 누굴 향해 웃을까
2259,이재명 찬조연설 싫어 찍으면 년 뒤 손가락 자르고 싶을 것 
2260,코로나 대확산 속 투표율 주목 유불리 속단 어렵다
2261,윤상현 안철수 이름 석자에 걸맞는 굵은 결심 해달라 
2262,이광재 의원 내달 일 폐광대책비 관련 정부안 제시될 것 
2263, 포토 국방위에서 현안보고하는 서욱 국방부 장관
2264,이재명 미사일 도발 규탄 경거망동 중단하라 종합 
2265,대구에서 연설하는 이재명 대선후보
2266,단일화 결렬 기자회견 마친 윤석열 후보
2267,더불어민주당 중앙선거대책위원회의
2268,윤석열 포항 죽도시장 유세
2269,대구 지역 연단에 선 이재명
2270,민주 윤미향 이상직 박덕흠 제명안 대선 전 윤리특위 의결 방침
2271,윤석열 후보 단일화 결렬 통보 화답 기다리겠다 
2272, 국민이 키운 윤석열 내일을 바꾸는 대통령 
2273,주한 우크라 대사 이재명 대통령 초보 발언 공유
2274, 통합내각 의지 반가워 늘 아쉬운 점 많아 
2275,걱정말고 사전투표 포항간 윤석열 박빙 지지율 속 음모론 일축
2276,주말 유세 나선 윤석열 민주당 좌파 운동권 세력 
2277,이재명 청년 만원 기본대출 긴급 금융 구제안 발표
2278,이재명 대선후보 독무대 
2279,윤석열 후보 지지자들과 인사하며 
2280, 선제타격 의지로 전쟁예방 자극적 발언이 도발 지적 나와 
2281,의총 발언하는 윤호중 원내대표
2282,윤석열 방역패스 중단 환영 완전 철폐 앞장설 것 
2283,답변하는 서욱 국방부 장관
2284,셔츠만 입고 연설 이어가는 이재명 대선후보
2285,이재명 장문의 글 통해 우크라 폄하 해명 표현력 부족했다 
2286, 일 대선후보 토론 총 시청률 직전 토론 때보다 하락 시청률 
2287,이재명 대선후보 노무현 전 대통령의 손자와 함께 두 팔 번쩍 
2288,심상정 후보 차별 없는 세상 향해 
2289,시민들에게 응원 받는 이재명
2290,윤석열 함께 나아갑시다
2291,인사나누는 권영세 원희룡
2292, 민주 이재명 결집 확산 윤석열 표심 자극할까
2293,윤석열 포항에서 다시 어퍼컷
2294, 헤럴드 발언하는 더불어민주당 윤호중 공동선대위원장
2295,이재명 우크라 대통령 폄하 아닌 윤석열 지적 진중권 나쁜 사람 
2296,심상정 대구시민 여러분 반갑습니다 
2297,고창 상인들과 인사 나누는 안철수 후보
2298, 이재명 전화면접 조사서 윤석열보다 앞서 조사는 접전
2299, 살뜰히 챙긴 이재명 민주당 영남후보 승리공식 먹힐까
2300,이재명 오늘 하루만 곳 돌며 강행군 보수표심 적극 구애
2301,떠나는 안철수 후보
2302, 사전투표 잊지 마세요 
2303,대화 나누는 한병도 의원과 최기상 의원
2304,지지 호소하는 심상정
2305,국민의힘 선거대책본부 전체회의
2306,정읍서 유세 나선 안철수 후보
2307,이재명 창원 상남분수광장 거리유세
2308,나란히 연단 오른 윤석열 이준석
2309,대구서 유세 연설하는 이재명 후보
2310, 오늘 결렬 통보 희망의 끈 안 놓는다 
2311,윤석열 대통령 당선 시 방역패스 폐지 시간 영업도 보장 
2312,정영학 남욱 녹취록 발언 내용 공개하는 김은혜 공보단장
2313,민주당 충청권 국회의원 지방기업 법인세 감면 이재명 공약 지지
2314,윤석열 포항시민 여러분 감사합니다 
2315, 내일 오후 긴급 의총 정치개혁안 당론 채택 논의
2316,고창 전통시장 찾은 안철수
2317,이재명 정치개혁안 당론 감사 말 아닌 실천 보일 것 
2318,이재명 윤석열 개 여론조사서 초접전 시계제로 종합 
2319,구미 찾아 연설하는 이재명 대선후보
2320, 측 단일화 일지 공개에 반발 수사기관 허위조서 보는 느낌 
2321,이재명 오늘 유세 부 울 경 메가시티 공약
2322,윤석열 정치보복은 사익 위한 것 사익 좇은 적 없다 
2323,양산에서 연설하는 이재명 후보
2324,더불어민주당 긴급 의원총회 열어
2325,심상정 년 전엔 대선후보들 앞다퉈 페미니스트 자임 종합 
2326,포항서 인사하는 이재명 대선후보
2327,심상정 유사시 들어올 수 있어 발언 경악스러워 
2328,꽃다발 받는 이재명 후보
2329,대구서 박정희 떠올린 이재명 산업화는 공 민주주의 훼손은 과 
2330, 포토 단일화 결렬 다시 유세장으로 향하는 윤석열 국민의힘 대선후보
2331,대화 나누는 한병도 의원과 최기상 의원
2332,시민들과 셀카찍는 안철수 내외
2333,이재명이 명백한 대장동 몸통 윤석열 입만 열면 거짓말 
2334, 고창 유세 시장 상인과 인사하는 안철수 후보
2335, 포토 윤석열 언제든 차를 돌려 안철수 직접 찾아뵙고 흉금 터놓고 싶다 
2336,이재명 송영길 어깨동무 깐부
2337, 단일화 파국에 네 탓 공방 극적 반전 가능성 희박 
2338,김포서 노마스크 연설하는 이재명
2339,이재명 과학기술 대 강국 대 빅 프로젝트 추진 전문 
2340,민주당 국민의힘 대전선대위 주말 휴일 표밭갈이 총력전
2341,정성호 초박빙 선거 지지율 오른다고 흥분하면 결정적 패착 
2342, 신안저축 장모일가에 억 대출 뭐가 불법인가 
2343,윤석열 영업시간 제한 방역패스 완전 철폐 손실 보상 약속 
2344,죽도시장 상인들과 인사 나누는 윤석열
2345,민주 성인지예산 발언에 무지가 구제불능 맹폭
2346,민주당 정치개혁 국민통합정부 당론 추인 
2347,이재명 기초연금 만원 상향 부부 감액제 폐지 
2348,전남 여수서 유세 이어가는 안철수 후보
2349,지지율 상승세 탄 이재명
2350,윤석열 어퍼컷 세리머니
2351,대장동 배수구 문건 실물 공개하는 원희룡
2352, 간 이재명 어머니께 죄송 좋은 성적표 들고 찾아뵙겠다 
2353, 민주당이 키운 윤석열 가슴 콕콕 찔러 대가 치러 
2354, 대장동 문건 보따리 전문공개 당사자 아니면 모를 내용 
2355, 죄 많아 죽을 사람 측근 도원결의 여야 고발 예고
2356, 대선 캐스팅보트 수도권 중도 대 자영업 표심은 어디로
2357, 이재명은 합니다 남부수도권 시대 
2358,이낙연 러시아 국제법 위반 용감한 우크라 대통령 국민 경의 
2359,강아지도 궁금한 대선 결과
2360, 현장 수도권 공략 나선 좋아 빠르게 가 
2361, 방역패스 일시 중단 환영 완전 철폐 앞장서겠다 
2362,윤석열 이재명 대선 일전 다시 초박빙
2363, 우크라 초보대통령 일본군 들어올 수도 후폭풍 자초한 안보 발언
2364,윤석열 문대통령 탈원전 번복 잘못된 판단으로 허송세월 
2365,안보 위해 열린 국회 국방위서 대선전 펼친 여야
2366,지지자로부터 꽃 선물받는 이재명
2367,단일화 결렬 후 유세 재개한 윤석열 대선후보
2368,윤석열 강릉 민심 터치
2369, 오차범위 내 접전 당선가능성 
2370, 민심은 어디로 
2371,강아지도 번 
2372, 단일화 전말 까지 공개 외나무 다리 위에 섰다
2373,윤석열 후보를 향해
2374,속초 찾아 유세하는 윤석열
2375, 대 대선은 누굴 향해 웃을까
2376,김현종 지지 호소 대통령 실력 없으면 우리것 눈앞서 잃어 
2377,우상호 러 침략이 가장 잘못 우크라 대통령 미숙한 점도 사실 
2378,표심 호소하는 이재명 대선후보
2379,윤석열 강렬한 쇼맨십
2380, 단일화 충돌에 눈 반짝이는 지지층과 중도층 포섭 총력
2381,안철수 대선 후보와의 단일화 관련 기자회견 마친 윤석열
2382,국힘 실언 연타 맹폭 부끄러움은 국민 몫 보복 암시 
2383,윤석열 어머니 저 왔습니다 단일화 결렬 다음날 초접전지 강원 
2384,이재명 부산 살아있네 
2385,국민의힘 문 대통령 영남행 겨냥 관권선거 중단하라 
2386,윤석열 속초 유세
2387,윤석열 일정 조율만 남겼는데 결렬 통보받아 언제라도 찾아뵙겠다 종합 
2388, 측 공동인사권 제안 이태규 보고 세부내용 못들어 
2389,사람이 물으면 기계로 하면 수줍음 과 솔직함 의 변주곡
2390,이재명이 몸통 윤석열이 몸통 대장동 난타전 종합 
2391,창원 집중유세 나선 이재명 후보 다당제 선거제도 개혁 확실히 해낼 것 
2392,이재명 대선후보 두 팔 치켜 세우며 
2393,부산에서 지지자에게 인사하는 이재명 대선후보
2394,이재명 후보 김포 유세
2395,강릉 커피거리 방문한 심상정 후보
2396, 영천 포항 김총리 대구 대선 일 앞두고 당정청 집결
2397, 내일 오후 긴급 의총 정치개혁안 당론 채택 논의
2398,손 맞잡아 들어올리는 이재명 대선후보
2399, 선대위 필승결의 낮은 자세로 끝까지 최선 
2400, 이재명 우크라 발언 직격 우리가 자극해 식민지 됐나 
2401,은평 충암고 출신 중앙정부가 은평 발전 화끈하게 밀어줄 것 
2402, 단일화 담판 들은 바 없다 지지자 문자폭탄에 전화도 못써 
2403,정영학 남욱 녹취록 발언 내용 공개하는 김은혜 공보단장
2404,우상호 러시아 가장 잘못 우크라 대통령 미숙한 것도 사실 
2405, 부정선거 우려 언급에 전용기 근거 없이 불신 조장 
2406,포항에서 지지자에게 인사하는 이재명 대선후보
2407,나경원 일 제주 방문 윤석열 지지 호소 예정
2408, 속보 윤석열 오늘 오전 시 단일화 결렬 통보 받았어 
2409,이재명 대선 승리 다짐 
2410,안철수 번 모두 법률가 과거만 보고 응징하는 사람들 
2411,윤석열 후보 어퍼컷 세리머니 
2412,야권 단일화 결렬날 민주당 정치개혁안 당론 채택 러브콜 강화
2413, 상인들과 인사 나누는 안철수 후보 
2414,부산 서면서 연설대 오른 이재명
2415,권성동 윤핵관인 게 자랑스럽다 윤핵관 논란 재점화
2416, 이재명은 합니다 남부수도권 시대 
2417,제주서 윤석열 후보 벽보 사라져
2418, 데일리안 시사만평 안철수 조건만남 민주당 쇼맨십 윤석열 군불떼기 
2419,서귀포 표심 공략하는 이낙연 총괄선대위원장
2420,어린이들과 추억 남기는 이재명
2421,광주 간 안철수 국민의당 바른정당 합당 사죄 제 생각이 짧았다 
2422,태극기 흔드는 이재명 후보
2423,부인과 목포역 찾은 안철수 후보
2424,지지자들 향해 하트 만드는 이재명 대선후보
2425,심상정 후보 변희수 하사 주기 추모제 참석
2426,이재명 우크라 대통령 폄하 논란에 제 표현력 부족했다 지적하려던 것 
2427,이재명 후보 자전거 타고 경주서 유세
2428,윤석열 국민을 가재 게 붕어로 아나 민주당 쫓아내는게 정치개혁 
2429,이준석 장제원 이번엔 윤핵관 아니었다 책임 맡아 자연스럽게 등장 
2430,권은희 국당 민주당 밀약 음모론 채증 중 법적 책임 묻겠다 
2431, 포토 마스크 벗는 윤석열 후보
2432, 우크라 항전 응원 우크라 대통령 비하하다 국제망신 
2433,대구 시민들에게 인사하는 이재명
2434,경북 포항 유세 나선 이재명 대선후보
2435, 대선 선명성 높이는 심상정 여성 서민 노동층 껴안기 총력
2436,울산 유세 마친 이재명
2437,지지자들 환호에 화답하는 안철수
2438,이준석 경쟁력 충분 단일화해도 지지율 격차 큰 변화 없어 
2439,윤석열 경북 강원 박 일 거점유세
2440,주한 우크라 대사 이재명 대통령 초보 발언 공유
2441, 남부수도권 실현위원회 출범 직접 위원장 맡는다
2442,심상정 제주 제 공항 백지화하고 항쟁으로 정명 
2443,이재명 고향 앞으로 
2444,윤석열 단일화 협상 결렬 통보받아 야권통합 희망 놓지 않아 
2445, 전격 회견 에 단일화 이미 늦고 효과도 반감 
2446, 에 초밥 법카논란 질문에 제게 여쭐 일 아냐 
2447, 그래서 이재명
2448,경북 포항 유세 나선 이재명 대선후보
2449,양산에서 지지호소하는 이재명 대선후보
2450,고창 지지자들에게 인사하는 안철수 후보
2451, 원전 주력전원 활용 발언에 국힘 이채익 대선개입 주장
2452, 사드 선제타격 긴장 초래 잘못 알고 있는 것 
2453,윤석열 후보 지지 호소 
2454, 민심은 어디로 
2455,손 잡은 포항 정치권
2456,제주시 오일시장 찾은 심상정 후보
2457,내달 일 제 대 대통령선거 선상투표 실시
2458,포항 찾은 이재명 빌릴 머리라도 있어야 직격 
2459, 포토 질의에 답하는 정석환 병무청장
2460,유세 재개 윤석열 박정희가 키운 포항 윤석열이 재도약시키겠다 
2461,호남 간 안철수 업적 평가 국민 통합하신 대통령 
2462,이재명이 몸통 윤석열이 몸통 대장동 난타전 종합 
2463,변희수 하사 주기 추모제 헌화하는 심상정 대선후보
2464,서욱 국방장관 우크라이나 사태 관련 현안 보고 
2465, 대 대선은 누굴 향해 웃을까
2466,의원총회에서 발언하는 송영길 대표
2467,대선 유세 현장 속 목소리 내는 대학생들
2468,윤석열 민주당 운동권이라 북한 도발을 도발이라 말 못해 
2469, 총력전 나선 이재명 후보
2470, 속보 권영세 측 여론조사 단일화 요구 없어 사퇴 관련 모양새를 요구 
2471,꽃다발 손에 든 이재명
2472, 이재명 우크라 발언 직격 우리가 자극해 식민지 됐나 
2473,윤석열 경제대통령 참 어이없어 경제가 울고 가겠다 종합 
2474,윤석열 구로를 디지털 굳로 로 
2475,이재명 대선후보 창원 집중유세
2476,송영길 미국 윤석열 황당하고 위험한 인물로 평가할 것 
2477,심상정 후보 변희수 하사 주기 추모제 참석
2478,이재명 특별성명 자위대 망언 취소하고 사죄하라 
2479,윤석열 후보 양천구 유세
2480, 단독 측 공개한 협상 일지 제목은 정리해서 못 만나면 깐다 
2481,여야 국방위서 대리전 우크라 선제타격 놓고 충돌
2482, 단일화 전말 까지 공개 외나무 다리 위에 섰다
2483, 속보 윤석열 어제 양측 전권대리인들 회동 최종 합의안 보고 
2484, 유사시 들어올 수 있어 에 일본군 진주 억지 주장 
2485,심상정 민주당이 키운 것 가슴 콕콕 찔러 
2486,우크라 사태에 소집된 외통위 산자위 대선 대리전 방불
2487,고양 표심 잡기 나선 이재명
2488,이재명 대선후보 부산서 두 팔 번쩍 
2489,주말 유세 나선 윤석열 민주당 좌파 운동권 세력 
2490,원희룡 김은혜 대장동 배수구 문건 전부 공개 이재명이 그림까지 그리면서 
2491,윤석열 안철수와 단일화 협상 관련 기자회견
2492,셔츠 차림 이재명 대선후보 부산 민심에 호소 
2493, 헤럴드 회의에 참석하는 더불어민주당 이낙연 총괄선대위원장과 윤호중 공동선대위원장
2494,민주 기본도 못갖춘 불성실 국힘 거짓말에 인신공격 
2495, 찾아 고개 숙여 인사하는 이재명
2496, 속보 얘기하면 지금이라도 찾아갈 것 화답 기다려 
2497,이재명 표심 호소
2498, 배우자 리스크 없는 안철수 후보
2499,포항 시민들에게 인사하는 이재명
2500,김포 찾은 이재명 대선후보 두 팔 번쩍 
2501,재개한 윤석열의 어퍼컷
2502, 대선 울산지역 여야 선대위 주말 집중유세 총력 
2503, 우크라 초보대통령 일본군 들어올 수도 후폭풍 자초한 안보 발언
2504,이재명 특별성명 자위대 망언 취소하고 사죄하라 
2505,지지자들에 인사하는 이재명 대선후보
2506, 땐 전화면접땐 
2507,여수 찾은 안철수 부부
2508, 오늘의 주요일정 정치 정부 일 월 
2509,전북 고창 찾아 지지 호소하는 안철수
2510,경주 연설 나선 이재명 대선후보
2511,부평 찾은 열흘 남기고 개헌 운운 사기꾼 믿지 말라 
2512, 속보 윤석열 어제 저녁 안철수 사퇴 위한 명분 제공 요청 
2513,검단 신도시 거주자들과 간담회 갖는 윤석열
2514,유세 마치고 취재진 질문에 답하는 안철수 후보
2515,기자회견 마친 윤석열
2516,이재명 자전거 타고 친환경 선거운동 
2517,성일종 간사와 주먹인사하는 서욱 국방부 장관
2518,구미 시민들에게 인사하는 이재명 후보
2519,최기상 의원과 대화하는 한병도 윤리특위 민주당 간사
2520,정읍 유세 마치고 취재진 질문에 답하는 안철수
2521, 영상 우상호 단일화 결렬 선언 에 책임씌워 지지자 얻으려는 것 
2522,윤석열 번에게 표를
2523,윤석열 후보 강릉에서 어퍼컷
2524, 투표용지 인쇄 눈앞 윤석열 안철수 단일화 담판 성사되나
2525,정치개혁 우크라 현안격돌 도로 대장동 설전도
2526,윤석열 후보 지지
2527, 이재명을 찍어라 
2528,윤석열 미국 참여 필요 심상정 전략적 균형 흔들어 
2529,윤석열 화답 기다리겠다 
2530,권영세 안철수가 진정 원하는 게 뭔지 파악할 수 없었다 
2531,안철수 반갑습니다 
2532, 측이 공개한 협상 전말 공동 정부 인수위 합의문도 마련 
2533,윤석열 이재명 우크라 탓 세계적 망신 대신 사과 
2534,안철수 김미경 이준석 안철수의 운명적 궁합 정기수 칼럼 
2535, 유사시 개입 망언 사죄를 왜곡 선동 
2536, 의 극과극 우크라 사태 진단 유권자들은 지켜보고 있다 데이터로 본 정치민심 
2537,윤석열 안철수에 전화 걸었지만 통화 불발 극적 회동 성사될까
2538,포항 유세장 도착한 이재명 후보
2539, 정치개혁안 에 전부 사기꾼 맹공 펼친 국민의힘 단일화 투표 전날까지 노력 
2540, 윤석열차 국민의힘 본진 서 사전투표 독려에 사활 왜 
2541,포항 찾은 이재명 대선후보
2542,고양에서 지지자에게 인사하는 이재명 대선후보
2543, 포토 대장동 배수구 문건 공개한 원희룡
2544, 포토 국회 국방위원회 전체회의 참석하는 서욱 장관
2545,권성동 핵관인 게 자랑스럽다 모든 것은 인간관계 
2546,국방위 전체회의서 질의에 답하는 서욱 장관
2547,이재명 두 팔 번쩍 
2548,발언하는 국민의힘 신승욱 청년보좌역
2549,울산 유세 마친 이재명
2550, 포토 국민의힘 당사 떠나는 윤석열 대선후보
2551,양산에서 지지호소하는 이재명 대선후보
2552,이재명 폭력적 언행 외교에 도움 안돼 싸울 필요 없는 평화 상태 만들어야 
2553, 선거 열흘 전 개헌 운운하는 사기꾼들 믿지 마시라 직격
2554, 측 측 진의 확인하려 만나 전권협상 대리인 아니었다 
2555, 민주운동 기념식 참석한 김부겸 총리와 양당 대표
2556,김포 어린이가 이재명에게 보낸 메시지
2557,국민의힘 선거대책본부회의
2558, 속보 안철수 측 국민경선에 대해 입장 표명 없어 
2559,선거 유세 떠나는 윤석열 대선 후보
2560,삼일절 앞두고 태극기 흔드는 이재명
2561, 측 토론회 사회자 편파진행 엔 답변준비 시간 호의 
2562,송영길 대구서 지원사격 에 술꾼 바보 미친 사람 맹폭 종합 
2563,민주 김만배 대한항공 김건희 카르텔 진짜 몸통 규명해야 
2564,윤재옥 문자폭탄 정치 병들게하는 에 보내지 말아달라 
2565, 정치개혁안 당론 추인 우리부터 기득권 놓겠다 결의
2566,울산 찾아 표심 호소하는 이재명
2567, 통합정치는 의 꿈 의 소망 보수텃밭서도 러브콜 영상 
2568,부산서 지지호소하는 이재명 대선후보
2569, 대 대선 유권자 수 만명 대 비교해 증가
2570,심상정 대선후보 차별 없는 나라 위해 
2571, 통합정부 효과 조짐에 좋은 일 종합 
2572,윤재옥 문자폭탄 정치 병들게하는 에 보내지 말아달라 
2573,홍준표 러 우크라 침공에 비핵국가의 설움 
2574,윤석열 향한 지지 보내는 시민들
2575, 속보 윤석열 야권 통합 희망의 끈 놓지 않겠다 화답 기다려 
2576,어린이와 사진 촬영하는 심상정
2577,윤석열 어퍼컷 재개
2578, 속보 권영세 단일화 협상 내용은 공개 못해 투표 전날까지 단일화 노력 
2579,윤석열 최대 승부처 서울 인천 집중유세
2580,안철수 안보 질문 답못하는 국민 전체 위기 빠트릴 것 
2581,심상정 후보 성인지 예산으로 북핵 막자 는 에 또 하나의 망언 사과하라 
2582,이재명 전화면접 조사서 윤석열 오차범위 밖 우위 
2583,윤석열 안철수에 전화 걸었지만 통화 불발 극적 회동 성사될까
2584,창원 시민 응원받는 이재명
2585,안철수 대선 후보 등록 후 첫 광주 전남 방문 민심잡기 나서
2586,민주당은 쾌재 윤석열 사실상 단일화 포기 선언 
2587, 국민이 키운 윤석열 내일을 바꾸는 대통령 
2588,진보당 김재연 후보 울산 현대중공업 출근길 유세 이어가
2589,지지 연설하는 이재명
2590,윤석열 후보 지지 호소 
2591,권성동 윤핵관인 것 자랑스럽다 대통령과 관계 예산 좌우 
2592, 포토 단일화 협상 관련 일지 보이는 권영세 국민의힘 선거대책본부장
2593,방역패스 일시 중단에 결단 환영 늦은 감 없지 않아 
2594,대구서 유세 펼치는 이재명 대선후보
2595,물 마시는 이재명 후보
2596,국민의힘 대장동 문건 보따리 공개 배수구 청소중 발견 
2597, 표심 공략하는 이재명
2598,어린이들과 추억 남기는 이재명
2599,표심 구애하는 이재명 대선후보
2600,이재명 대선후보 신산업 진출 포항경제에 새로운 도약 책임질 것 
2601,연단 오르는 안철수 후보
2602,윤석열 유세에 모인 지지자들
2603,선대위원회의 참석하는 이낙연 윤호중
2604,안철수 후보 야권 단일화에 대한 생각은 
2605,안경 고쳐쓰는 서욱 국방부 장관
2606, 몸값 오른 안철수 이재명 윤석열 모두 눈치보기
2607,용접 장갑 선물 받은 이재명
2608, 시장이 그림 그리며 천억만 녹취록 공개 공공환수 노력 
2609,순천 유세 이어가는 안철수 대선후보
2610,우상호 윤석열 안철수 단일화 가능성 제로 
2611,윤석열 겨냥 도발을 도발이라 못해 운동권 정권이라 
2612,윤석열 이재명 북한 미사일 발사를 도발이라 부르지 못한다 
2613, 포토 이태규 선대본부장 단일화 결렬 관련 긴급 기자간담회
2614, 현장 윤석열 우크라이나 모욕 준 이재명 이런 사람이 외교안보 제대로 하겠나 
2615,빙하타고 온 둘리 이완용 같다 비방전 치달은 종합 
2616, 초박빙 지속 엠브레인 
2617,이재명 대선 후보 동대구역 유세에 몰린 인파
2618,윤석열 후보 포항 민심 향해 
2619,우크라이나 깃발 펼쳐든 윤석열 선거운동원들
2620,윤석열 이재명 연이어 만난 김동연 갈 길 간다 완주 의지
2621,죽도시장 찾은 윤석열 이준석
2622, 공약 좀 들어봅시다 
2623,노무현 손자 끌어안은 이재명 대선후보
2624,이재명 일본 한반도 진출 유관순에게 안 미안하나 직격
2625,이재명 소상공인 대출 만기 연장 청년 천만원 기본대출 
2626, 포토 단일화 결렬 알리는 윤석열 후보
2627, 윤석열 유세장서 또 여성 폭행 야만적 행태 개탄 
2628,대선 반환점 판세는 여전히 안갯속 
2629,어린이들과 기념촬영하는 이재명 후보
2630,이재명 역사를 담은 경주에서 미래를 연다 경주 유세
2631, 헤럴드 안경을 고쳐쓰는 이태규 국민의당 총괄선대본부장
2632, 정치교체 하겠다 의총부터 열어라 선거 열흘 앞두고 
2633,안철수 내 제안 철저하게 무시 이러고도 협상 파트너냐 
2634, 러시아의 우크라 불법 침략 규탄 결의안 추진
2635, 정치개혁안 의총서 당론 추인 대선 후 실제 입법 제도화할 것 
2636,윤석열 선거날 확진자 수십만 발표해 투표 막을 수도 
2637,이준석 경쟁력 충분 단일화 필수적 요소 아니라 판단 
2638, 이재명이냐 윤석열이냐 
2639, 단일화 파국에 자대결 수순 초박빙 일 전쟁 판세는
2640,이재명 대선후보 부산서 두 팔 번쩍 
2641,포스코 노조 지주사 실질적 포항 이전 필요 
2642,우상호 단일화 결렬책임 덮어씌우기 윤핵관 국민 우롱 
2643, 간 이재명 어머니께 죄송 좋은 성적표 들고 찾아뵙겠다 
2644,이재명 우크라 대통령 폄하 지적에 표현력 부족했다 사과
2645, 옛 친박계 이정현 윤석열 지지 호소 정권교체가 최고의 선 
2646, 포토 윤석열 지금이라도 회동 시간 날짜 정해 달라 
2647,단일화 카드 떠나보낸 강원서 지지 호소
2648,전남선관위 특정후보에 불리 신문 천 부 배부한 주민 고발
2649,공수처 존폐 여부에 윤 안 폐지해야 이 역량 키워야 
2650,질문에 답하는 김병욱 의원
2651, 다당제 연합정치 당론 결의 대선 결과 관계없이 실천 
2652,선거유세 듣는 시민들
2653,윤석열 이재명 연이어 만난 김동연 갈 길 간다 완주 의지
2654, 우크라가 러시아 자극 논란 정말 규탄해 수습 종합 
2655,이재명 대선후보 창원유세
2656,이준석 우크라이나 초보 대통령 탓 일제 침략 정당화와 같아 
2657, 속보 윤석열 오늘 오전 시 단일화 결렬 통보 받았다 
2658,강릉 월화거리광장에 모인 유권자들
2659, 신안저축 장모일가에 억 대출 뭐가 불법인가 
2660,이재명 부산 서면 찾아 연설
2661, 전권대사 개념 없어 단일화 시한종료 선언 
2662, 이재명 향한 응원 세례 
2663, 포토 우크라이나 사태 관련해 현안 보고하는 서욱 국방부 장관
2664,대장동 배수구 문건 실물 공개
2665, 미사일 발사 규탄 한반도 동북아에 긴장 조성 
2666, 한미 주역 김현종 바이든 누가 상대할 수 있나 이재명 지지
2667,독립단체 윤석열 유사시 일본 들어올수 있지만 발언 규탄 
2668, 외가 강릉서 연설하는 윤석열
2669,이낙연 러시아 국제법 위반 
2670,빙하타고 온 둘리 이완용 같다 비방전 치달은 종합 
2671, 속보 유세 전격 취소한 윤석열 시 전격 기자회견 단일화 입장 밝힐 듯
2672,이재명 후보 경주 유세 
2673,윤석열 최대 승부처 서울 인천 집중유세
2674,이낙연 결사항전 젤렌스키와 우크라 국민에 경의 
2675,고민정 이재명 첫인상 싫었다 제발 이겨줬으면 
2676,죽도시장 찾아 인사하는 윤석열
2677,이재명 후보 포항 연설
2678,윤석열 유세장에 등장한 우크라이나 깃발
2679,시민들에게 응원 받는 이재명
2680, 오늘도 달리는 이재명 
2681, 측 에 이중플레이 프레임 국힘 국민경선만 빼달라했다 종합 
2682, 포토 안철수와 단일화 결렬 다시 유세장으로 향하는 윤석열
2683, 자영업자가 가장 바라는 것은 시간 영업 백신패스도 폐기 
2684,윤석열 단일화 입장 기자회견 안철수 냉랭 
2685,이재명 취약지 공략 포항 경주 대구 구미 안동 순회
2686,구미에서 지지자에게 인사하는 이재명 대선후보
2687,이준석 소고기 도둑 이재명 준비 안 된 부도덕한 후보 
2688, 측 단일화 결렬 책임 공방
2689,단일화 결렬에 윤석열측 합의안 거부 안철수측 이중플레이 
2690,단일화 떠나보낸 측 자구도 전략 짠다 단일화 필수적 아냐 
2691, 영상 우상호 단일화 결렬 선언 에 책임씌워 지지자 얻으려는 것 
2692,윤호중 윤핵관 꼭꼭 숨기느라 얼마나 힘들었냐 또 국민 우롱 
2693,안철수 박 일 호남 목포 기념관 방문
2694,단일화 결렬 알리는 윤석열 후보
2695, 이재명 아이가 
2696, 일문일답 단일화 결렬 이유 알수 없어 쪽에서도 모르겠다 
2697, 그래픽 제 대 대선 주요 일정
2698,국힘 인신공격하듯 본질회피 토론 수준 낮춰 유감 
2699,안철수 제 야당 정권교체 할 역량 갖고 있어야 되는 것 아닌가 
2700,심상정 대선후보 제주 메시지는 
2701,표심 구애하는 이재명
2702, 어제 대리인 합의했지만 결렬 통보 화답 기다리겠다 
2703, 단일화 전말 작심 공개 책임론 부각 지지층 결집 승부수
2704,이낙연 제주서 이재명 지지유세
2705, 포토 국민의힘 선거대책본부 전체회의
2706,국민승리 이재명 고양시 집중 유세
2707,윤석열 오늘 유세 일정 취소 과 단일화 담판 시도
2708,국민의힘 년 대장동 녹취록 추가 공개
2709,이재명 대선후보 대구 유세
2710,이재명 양손 엄지 척 
2711, 만원 매표행위 라던 윤석열 당선되면 자영업자 최대 만원 
2712, 뉴스 네탓 공방 속 대선 투표용지 인쇄 시작
2713,울산서 대선후보 지지 잇따라 몽골 한인도
2714,심상정 겨냥 젤렌스키에 전세계 감동 푸틴 강력 규탄 
2715, 대선 대통령 총리 여당 대표 민주당 후보 총집결 지원사격 
2716,더불어민주당 의총 발언하는 송영길 대표
2717,이재명 후보 자전거 유세
2718,고민정 이재명 첫인상 싫었다 제발 이겨줬으면 
2719,윤석열 포항 성원 잊지 않겠습니다 
2720,윤석열 사전투표해야 이길 수 있다 
2721, 윤핵관 단일화 협상 과정서 재등장 민주당 국민 우롱 
2722,단일화 관련 입장 밝히는 안철수
2723,정의 정치개혁안 법안별 당론채택 여부 모호 선거용 의혹 
2724,대구서 태극기 흔드는 이재명
2725, 선제타격 의지로 전쟁예방 자극적 발언이 도발 지적 나와 
2726,윤석열 방역패스 완전 철폐 방역지원금 최대 만원 
2727,우상호 러 침략이 가장 잘못 우크라 대통령 미숙한 점도 사실 
2728, 속보 권영세 단일화 희망의 끈 놓지 않겠다 
2729,광주 유세 박영선
2730,대선 승리 다짐하는 이재명 대선후보
2731,파주서 드라이브인 유세 첫 선보이는 이재명
2732,이재명 후보 부산 민심 향해 
2733,이재명 규제 샌드박스 활성화 지원 혁신 불씨 틔우겠다 종합 
2734,이재명 산업단지 내 중기 재직 청년 교통비 지원 인상 
2735,물 마시는 이재명 후보
2736,윤석열 안철수에 대등한 공동 인사권 제안했었다
2737,민주당 오늘 저녁 긴급의총 이재명표 정치개혁안 당론 추인
2738,윤석열 최대 승부처 서울 인천 집중유세
2739,우크라이나 사태 전쟁위협 고조 안돼 평화는 힘에서 나와 
2740,윤석열 러시아 침공 우크라이나 탓한 이재명 국제적 망신 
2741,윤석열 펼침막 벽보 훼손 절취 잇달아 신속 수사하라 
2742,이재명 부산의 파란물결을 향해
2743, 속보 권영세 측 여론조사 단일화 요구 없어 사퇴 관련 모양새를 요구 
2744, 부산 품격있는 글로벌 해양도시 이재명이 함께합니다
2745, 더불어민주당 긴급 의원총회 
2746,단일화 결렬 진실공방 계속 
2747,경주 황리단길 찾은 이재명 대선후보
2748, 따르는 지지자들
2749,이준석 러시아 침략 정당화 억지 주장 말장난 종합 
2750, 코로나 시대 드라이브 인 비대면 유세
2751, 노동자의 도시 울산 찾은 이재명
2752,대구에서 지지호소하는 이재명 대선후보
2753, 녹취구성 단일화 온도차 안철수 경선 생각 없으면 끝난 일 윤석열 노력 중 
2754, 정치개혁으로 통합 정치 민주당 내쫓는 게 정치개혁 종합 
2755,윤상현 안철수 이름 석자에 걸맞는 굵은 결심 해달라 
2756,어퍼컷 세리머니 하는 윤석열
2757,창원 찾은 이재명 지지 호소 
2758, 작년 전술핵 배치 공약 발표 문장 삭제했다 
2759,윤석열 향한 지지 보내는 시민들
2760, 살얼음 판세 내달 일 깜깜이 돌입 전 굳히기 혈투 
2761, 다당제 제도화 이재명 김종인 영입 나섰다 외연확장 승부수
2762, 전권대사 개념 없었다 단일화 시한종료 분명히 선언 
2763, 민주당 정권 대러 제재 동참 안해 수출 통제 받는 신세 
2764,이재명 요청으로 다당제 개혁 추인 에 본격 대시 
2765,김건희 도이치모터스 주가조작 의혹 관련 새로운 자료 공개하는 이용우 의원
2766,심상정 겨냥 젤렌스키에 전세계 감동 푸틴 강력 규탄 
2767, 오늘 결렬 통보 이유 모르겠다 협상서 여론조사 안나와 종합 
2768,자영업자 이탈할라 방역지원금 최대 천만원 지원 
2769, 더불어민주당 긴급 의원총회 
2770,일산문화공원 이룬 파란 물결 
2771, 전격 회견 에 단일화 이미 늦고 효과도 반감 
2772, 누구 손 들어줄까 정권교체론 높지만 투표율이 문제
2773,이재명 더불어민주당 대선후보 대구 유세 
2774,유력 주자 오간다고 번지는 아니잖아요 송문희의 도전장
2775,지지자들에게 사인 해주는 안철수
2776,양산 간 이재명 대통령 돌아오실 곳 정치보복 안 돼 
2777,심상정 변희수 기일 맞아 대선 후보 중 저만 기억 
2778,뒷모습 보인 김건희 트위터에 꽁지머리로 반려견 산책
2779,울산 유세 마친 이재명
2780,이재명 청년 만원 기본대출 긴급 금융 구제안 발표
2781,김부겸 총리 민주운동 기념탑 참배
2782, 포토 질의에 답하는 서욱 장관
2783,이재명 드라이브인 유세 첫 선
2784, 포토 정영학 회계사 남욱 변호사 녹취록 발언 내용 공개하는 김은혜
2785, 기호 번 윤석열입니다
2786,김총리 개학 준비 마쳐 다른 삶의 공간처럼 학교도 유지돼야 
2787,이재명 대선 후보 경주 유세 연설 
2788,나경원 윤석열 선거특보 임명장 논란 진상파악이 먼저 
2789,대선 
2790,이재명 후보 포항 연설
2791,이재명 등교 전 신속항원검사 강제되지 않게 할 것 
2792,이재명 대선 승리 향해
2793,윤석열 유세 전격 취소하고 시 기자회견 단일화 관련 입장 표명
2794,이재명 어르신 기초연금 현행 만 만 원 증액 
2795, 일정 취소 했던 윤석열 오후 시 포항서 유세 재개
2796,경산시장 메운 청중
2797,선대위 회의 참석하는 이낙연 윤호중
2798,안전모 손에 든 이재명
2799,정청래 돈 없고 빽 없는 국민 눈물 이재명 후보가 닦아 줄 것 
2800,이재명 후보 부산 공약 약속
2801,지지자 향해 인사하는 이재명 대선후보
2802,이재명 향해 박수 보내는 지지자들
2803,윤석열 안철수 정면충돌 양측 설명 어디에서 엇갈리나
2804,국민을 위해 했다 그리고 한다 이재명 번째 광고
2805, 그래서 이재명
2806,민주당 선거운동원들과 인사 나누는 안철수 후보
2807,이재명 윤석열 겨냥 모르는 게 자랑 아냐 빌릴 머리라도 있어야 
2808,김예지 등 의원 명 인천 장애인 학대 사망사건 엄벌 탄원
2809,지지자들에게 인사하는 이재명 대선후보
2810,손 흔들어 인사하는 윤석열
2811, 현장 윤석열 민주당 공약들 늑대의 아이들 유혹에 불과 중요한 건 실천 
2812,이재명 우크라 대통령 폄하 지적에 표현력 부족했다 사과
2813,자위대 개입 우크라 탓 이재명 윤석열 뒤끝 공방
2814,이준석 경쟁력 충분 단일화 꼭 필수적 요소 아냐 
2815,이재명 대선후보 빌릴 머리라도 있어야 직격 
2816, 야권 후보 단일화 관련 기자회견하는 윤석열 
2817,이재명 민심에 호소
2818, 속보 윤석열 어제 단일화 전권 대리인 간 최종 합의했어 
2819, 러시아 침공이 우크라 대통령 책임 이재명 발언 국제적 논란
2820,의원총회 발언하는 윤호중 민주당 원내대표
2821,이광재 의원 내달 일 폐광대책비 관련 정부안 제시될 것 
2822,부산 시민들에게 인사하는 이재명 후보
2823,남부수도권시대 공약 나선 이재명 후보
2824,정성호 초박빙 선거 지지율 오른다고 흥분하면 결정적 패착 
2825,민주 오늘 저녁 의총 다당제 정치개혁안 당론채택
2826,표심 구애하는 이재명
2827,이재명 김두관과 함께 
2828,투표용지 인쇄 하루 전 윤석열 경북 강원 박 일 유세
2829,이재명 대선후보의 부산 공약 서약식
2830,단일화 결렬 관련 긴급 기자간담회 갖는 이태규 선대본부장
2831, 현장 윤석열 분 전 유세 취소 반쪽짜리 경북 일정
2832,캘리그라피 들어보이는 이재명 대선후보
2833,고창 상인들과 인사 나누는 안철수 후보
2834, 측이 공개한 협상 전말 공동 정부 인수위 합의문도 마련 
2835,윤석열 오후 시 긴급 기자회견 야권 단일화 입장 밝힐 듯
2836, 신안저축 윤석열 처가 사업에 억 넘게 대출 이례적 
2837,윤석열 자영업자 방역지원금 만원 손실보상 약속
2838,윤석열 민노총 쩔쩔매는 공권력 생존 몸부림 치는 국민에 엄격 
2839,단상 오르는 윤석열
2840,이준석 권영세와 사이 좋다 대표 사감 뒤로 하라 는 이 총대 멘 것 
2841,권영세 이재명 반일감정 부추기고 중국몽 추앙 즉각 사과 요구
2842, 헤럴드 국방위원회 전체회의에 참석하는 서욱 국방부 장관
2843,이재명 북한발 안보 불안 성장 기회로 만들 것 위기 극복 전문가 자신
2844,윤석열 임명장 살포 중단하라 법적 대응 불가피
2845, 권력구조 개편 공방전 모레라도 정치개혁 입법 의총서 결정 선거 앞두고 정치쇼 종합 
2846,경주 연설 나선 이재명 대선후보
2847, 속보 윤석열 지금이라도 안철수 시간 장소 정하면 찾아가겠다 
2848, 오늘의 주요일정 정치 정부 일 토 
2849, 정치인들 세금으로 제편 먹여살려 화가 나 그만 못두겠다 종합 
2850,윤석열 대한민국재향경우회 방문
2851, 영상 윤석열 체계 편입 필요 전략 균형 흔드는 발언 
2852,선거 유세 떠나는 윤석열 대선 후보
2853,데드라인까지 밀린 단일화 반전일까 무산일까
2854, 속보 윤석열 오늘 아침 시 에게 최종 단일화 결렬통보 받아 
2855, 현장 부산서 힘 받은 이재명 팔 걷고 준비됐나 외치자 됐다 
2856,심상정 대선후보 차별 없는 나라 꼭 만들겠습니다 
2857,이재명 후보의 그림자
2858,대구 지지자들에 인사하는 이재명 대선후보
2859,국민승리 이재명 후보 고양 유세
2860, 정치개혁안 당론 추인 우리부터 기득권 놓겠다 결의
2861,선거유세 재개한 윤석열 후보 지지 호소 
2862,이재명 유관순에 미안하지 않나 차라리 거짓말이었으면 
2863, 오늘아침 측 전해온 내용 고려할 가치 없다고 결론 내려 종합 
2864,일산 찾은 이재명 대선후보 파란 장미 손에 들고 
2865, 속보 내일부터 식당 카페 등 종 시설 방역패스 일시중단
2866, 포토 윤석열 지금이라도 회동 시간 날짜 정해 달라 
2867, 선거 열흘 전 개헌 운운하는 사기꾼들 믿지 마시라 직격
2868,이재명 폭력적 언행 외교에 도움 안돼 싸울 필요 없는 평화 상태 만들어야 
2869,이재명 대선후보 창원에서 지지 호소 
2870,이태규 측 자신들 주장 일방적으로 발표 정치 도의 어긋 
2871,경주서 연설 나선 이재명 후보
2872,전기자전거 타고 유세장 향하는 이재명 대선후보
2873,속초 유세 이어가는 윤석열 후보
2874,서욱 국방장관 우크라 사태 관련 굳건한 한미 연합방위 공조 
2875,이재명 자전거 타고 친환경 선거운동 
2876, 전주 방문해 유세활동 하는 안철수 후보 
2877,현안 보고하는 서욱 국방부 장관
2878,반기문 이재명과 면담 계획 없다 월 일까지 해외출장 
2879, 대선까지 열흘 이재명 연설 듣는 시민들
2880,예비부부 예비부모와 기념사진 찍는 이재명
2881, 자위대 허용 망언 한일관계 기본도 안 된 후보 맹폭
2882, 옛 친박계 이정현 윤석열 지지 호소 정권교체가 최고의 선 
2883,투표용지에 나란히 단일화 공방속 인쇄기는 돌았다
2884,유세 재개 박정희가 키운 포항 윤석열이 재도약 시키겠다 
2885,포항에서 연설하는 윤석열 후보
2886,성일종 간사와 주먹인사하는 서욱 국방부 장관
2887, 대선 정권 재창출 심판론 초박빙 판세 속 운명의 열흘
2888, 사전투표 금토 이틀 손가락 인증샷 되고 투표지 촬영 안돼
2889,안철수 준공 년 넘은 전국 아파트 무료 안전점검 
2890,이재명 후보 대구 민심을 잡아라 
2891,인사하는 이재명 후보
2892,초박빙 혼전에 단일화 무산 대 대선 오리무중 
2893, 오늘아침 측 전해온 내용 고려할 가치 없다고 결론 내려 종합 
2894,의원총회 발언하는 윤호중 원내대표
2895, 대선 안철수 완주 책임정치 철수 정치 사이 딜레마
2896, 민심 심상찮은데 유세취소 포항 일정 재개
2897,부산서 지지 호소하는 이재명 후보
2898, 초박빙에 핵심 변수 된 투표율 여야 지지층 독려 사활 
2899,이재명 후보 대구 지지자들 향한 인사 
2900, 신안저축 윤석열 처가 사업에 억 넘게 대출 이례적 
2901,심상정 대구서 지하철 참사 유족 위로
2902, 정치보복 없다 대국민 선언하자 보복한다면 국민이 가만 놔두겠나 
2903,권영세 윤석열 후보 안철수 후보가 만나자면 차 돌려가겠다는 건 진심 
2904, 국민의힘 선거 전략은 
2905, 속보 윤석열 오늘 오후 시 단일화 관련 기자회견
2906,송영길 더불어민주당 대표 발언
2907,김포 어린이가 이재명에게 보낸 메시지
2908, 민심은 어디로 
2909, 지지자와 사진 찍는 안철수 후보 
2910, 오늘의 주요일정 정치 월 일 월요일 
2911, 우크라가 러시아 자극 논란 정말 규탄해 수습 종합 
2912,윤석열 이재명 대선 일전 다시 초박빙
2913, 단일화 결렬 다시 유세장 향하는 윤석열 후보
2914,민주당 중앙선대위 회의
2915,권성동 안철수 측에 단일화 결렬 이유 물어보니 없다 고 해 
2916, 민주운동 기념탑 방문한 김부겸 총리
2917,이재명 창원 도착
2918,재개한 윤석열의 어퍼컷
2919, 정치개혁 대장동 건건이 격돌 단일화 신경전도 종합 보 
2920,권성동 안철수 측에 단일화 결렬 이유 물어보니 없다 고 해 
2921, 적극적인 지지 
2922,우상호 윤석열 안철수 단일화 가능성 제로 
2923,이재명 찍고 공략
2924, 코로나 시대 드라이브 인 비대면 유세
2925,심상정 정의당 대선후보 강릉 민심 향해 
2926,윤석열 거짓공작에 속지 마라 국민통합 제가 하겠다 
2927,환호하는 윤석열 지지자들
2928,이재명 대선후보 목 좀 축이고 
2929,제주서 지지 호소하는 심상정 후보
2930,정성호 초박빙 선거 지지율 오른다고 흥분하면 결정적 패착 
2931,국민의힘 충남도당 이재명 지지 불법 유인물 배후 수사하라 
2932, 대통령 어떤 위협도 막아낼 우월한 방어력 최첨단 군 진화 
2933,이재명 후보 자전거 타고 경주 황리단길 유세
2934, 영상 안철수 요청 에 오늘 긴급의총 소집 계속되는 러브콜 
2935,대구 지하철 참사 추모공간에 헌화하는 심상정
2936, 포토 윤석열 단일화 결렬 통보받아 야권단일화 희망의 끈 놓지 않아 
2937, 오차범위 내 초접전 리얼미터 
2938,이재명 경기지사 때처럼 건설공사 입찰 담합 근절할 것 
2939,코로나 위기 진행형인데 시간 영업 제한 해제 차 접종자라도 풀자 
2940,여수 표심 공략 나선 안철수 부부
2941,이재명 유세장 찾은 지지자들
2942,윤석열 야권통합 끈 놓지 않을 것 화답 기다릴 것 뉴시스 
2943, 고양 시민들 이재명을 지지해주세요 
2944,지지율 상승세 탄 이재명
2945,이재명 대선후보 고양 집중 유세
2946,이재명 대선후보 김포 유세
2947,창원 시민들에게 인사하는 이재명 후보
2948,고향으로 온 이재명
2949,제주서 윤석열 후보 벽보 사라져 국힘 신속히 수사해야 
2950,속 타는 이재명
2951,고양 유세장에 도착하는 이재명 대선후보
2952,이재명 후보 부산 민심 향해 
2953, 마크맨들의수다 성적표 받아 든 후보들 토론 누구 
2954, 인사말 하는 추미애 명예선대위원장 
2955, 단독 이재명 김동연 찾아가 빅텐트 논의 통합정부 구성에 매진
2956,우상호 야권 단일화 끝났다 윤석열 안철수에 결렬 책임 덮어씌워 
2957,유시민 이재명 당선에 원 걸겠다 
2958,이재명 거대 양당제 깨야 윤석열 정권교체 물타기 
2959,윤석열 강원 개 지역 훑는다 정권교체 표심 호소
2960,김건희 도이치모터스 주가조작 의혹 새로운 자료 공개 
2961,윤석열 오늘 유세 전격 취소
2962,국힘 대장동 문건 보따리 공개 배수구 청소 중 발견 입수까지 일 소요 
2963, 영상 우상호 단일화 결렬 선언 에 책임씌워 지지자 얻으려는 것 
2964,안철수 이어령 선생님 영면 기도 여야 정치권도 애도 물결
2965,시민들과 셀카찍는 안철수 내외
2966,이태규 국힘 안철수에 이중플레이 이미지 씌워 
2967,여수 표심 공략 나선 안철수 부부
2968,심상정 후보 강릉 민심을 향하여 
2969,윤석열 오후 시 긴급회견 단일화 입장 밝힐 예정
2970,경주 시민들과 인사 나누는 이재명
2971,윤석열 성인지 예산 조원으로 북핵 막겠다 가짜뉴스인데 
2972,중앙선거대책위원회의에서 발언하는 윤호중
2973,군 당국 사드 자재 반입 주 회로 확대 반대단체 반발
2974,박종성 전 양주시 기획행정실장 출판기념회 성료 
2975,윤석열 오늘 유세 일정 전면 취소 단일화 담판 나서나
2976,이재명 보러 몰린 인파
2977, 유사시 개입 발언에 무지해 국민 역린 건드린것 종합 
2978, 현장 이재명 경기도에서 대통령 만들어달라 안민석 김부선 만들사람 누구냐 
2979,강릉 유세 나선 심상정 후보
2980, 투표용지 인쇄 눈앞 윤석열 안철수 단일화 담판 성사되나
2981, 포토 우크라이나 사태 관련해 현안 보고하는 서욱 국방부 장관
2982, 우크라 초보대통령 일본군 들어올 수도 후폭풍 자초한 안보 발언
2983, 정치개혁안 에 전부 사기꾼 맹공 펼친 국민의힘 단일화 투표 전날까지 노력 
2984,속초에서 연설하는 윤석열
2985,다시 유세장 향하는 윤석열 후보
2986, 영상 이재명 권양숙 여사 나보고 닮았다고 불쌍히 보신 듯 
2987,이재명 대선후보 구미 유세
2988,주먹 불끈 쥔 윤석열 대선후보
2989, 강원 찾아 지지 호소하는 윤석열 후보
2990, 영상 단일화 결렬 네 탓 공방 측 합의 깨 측 합의 없었다 
2991,이재명 지지자 운집한 부산 서면 셔츠차림으로 연설 
2992,이태규 선대본부장 단일화 결렬 관련 긴급 기자간담회
2993, 어머니 고향 강릉 찾은 윤석열
2994,데드라인까지 밀린 단일화 반전일까 무산일까
2995,국민의힘 대장동 배수구 문건 실물 공개 기자회견
2996,심상정 대선후보 고인을 생각하며 
2997,윤석열 안철수에 대등한 공동 인사권 제안했었다
2998,안철수의 향방은 
2999,이재명 싸울 필요 없는 평화 윤석열 힘에 의한 평화 안보관 정면 충돌
